week_ending,icsa,log_icsa,icsa_pct_chg_1w,oil_mean,oil_pct_1w,oil_vol_4w,gas_mean,gas_pct_1w,gas_vol_4w,copper_mean,copper_pct_1w,copper_vol_4w,iron_mean,iron_pct_1w,iron_vol_4w,usrec,covid_period
1998-01-03,312000.000000,12.650758,,,,,,,,,,,,,,0,0
1998-01-10,331000.000000,12.709874,6.089744,16.802500,,,2.125000,,,,,,,,,0,0
1998-01-17,341000.000000,12.739638,3.021148,16.453333,-2.078064,,2.090000,-1.647059,,,,,,,,0,0
1998-01-24,307000.000000,12.634603,-9.970674,16.015000,-2.664100,0.013071,,,,,,,,,,0,0
1998-01-31,315000.000000,12.660328,2.605863,17.302000,8.036216,0.028511,2.077500,,,,,,,,,0,0
1998-02-07,311000.000000,12.647548,-1.269841,16.654000,-3.745232,0.026330,2.310000,11.191336,,,,,,,,0,0
1998-02-14,321000.000000,12.679196,3.215434,16.317500,-2.020536,0.026020,2.200000,-4.761905,,,,,,,,0,0
1998-02-21,327000.000000,12.697715,1.869159,16.000000,-1.945764,0.027891,2.210000,0.454545,0.038786,,,,,,,0,0
1998-02-28,317000.000000,12.666657,-3.058104,15.300000,-4.375000,0.023291,2.230000,0.904977,0.034927,,,,,,,0,0
1998-03-07,308000.000000,12.637855,-2.839117,15.317500,0.114379,0.019467,2.153333,-3.437967,0.034870,,,,,,,0,0
1998-03-14,319000.000000,12.672946,3.571429,14.402000,-5.976824,0.020480,2.250000,4.489164,0.037706,,,,,,,0,0
1998-03-21,321000.000000,12.679196,0.626959,14.036000,-2.541314,0.025098,,,,,,,,,,0,0
1998-03-28,312000.000000,12.650758,-2.803738,16.422000,16.999145,0.040008,,,,,,,,,,0,0
1998-04-04,312000.000000,12.650758,0.000000,15.976000,-2.715869,0.041907,2.400000,,0.037006,,,,,,,0,0
1998-04-11,304000.000000,12.624783,-2.564103,15.547500,-2.682148,0.041156,2.610000,8.750000,0.039392,,,,,,,0,0
1998-04-18,317000.000000,12.666657,4.276316,15.526000,-0.138286,0.038860,2.520000,-3.448276,0.040690,,,,,,,0,0
1998-04-25,311000.000000,12.647548,-1.892744,14.496000,-6.634033,0.036559,,,,,,,,,,0,0
1998-05-02,304000.000000,12.624783,-2.250804,15.714000,8.402318,0.052844,2.190000,,0.050525,,,,,,,0,0
1998-05-09,306000.000000,12.631340,0.657895,15.482500,-1.473209,0.052621,2.190000,0.000000,0.051115,,,,,,,0,0
1998-05-16,315000.000000,12.660328,2.941176,15.028000,-2.935572,0.052603,,,,,,,,,,0,0
1998-05-23,309000.000000,12.641097,-1.904762,13.847500,-7.855337,0.060321,,,,,,,,,,0,0
1998-05-30,322000.000000,12.682307,4.207120,14.996667,8.298730,0.037023,2.100000,,0.052046,,,,,,,0,0
1998-06-06,306000.000000,12.631340,-4.968944,15.022000,0.168926,0.034604,2.085000,-0.714286,0.046369,,,,,,,0,0
1998-06-13,321000.000000,12.679196,4.901961,13.424000,-10.637731,0.039189,2.000000,-4.076739,0.046398,,,,,,,0,0
1998-06-20,349000.000000,12.762827,8.722741,12.044000,-10.280095,0.039057,2.100000,5.000000,0.047924,,,,,,,0,0
1998-06-27,376000.000000,12.837344,7.736390,14.168000,17.635337,0.051904,2.370000,12.857143,0.054461,,,,,,,0,0
1998-07-04,362000.000000,12.799399,-3.723404,14.410000,1.708075,0.051666,2.460000,3.797468,0.054403,,,,,,,0,0
1998-07-11,320000.000000,12.676076,-11.602210,13.936000,-3.289382,0.047993,2.390000,-2.845528,0.054692,,,,,,,0,0
1998-07-18,315000.000000,12.660328,-1.562500,14.380000,3.185993,0.045383,,,,,,,,,,0,0
1998-07-25,335000.000000,12.721886,6.349206,13.892000,-3.393602,0.027974,2.000000,,0.067112,,,,,,,0,0
1998-08-01,327000.000000,12.697715,-2.388060,14.310000,3.008926,0.026640,1.970000,-1.500000,0.065014,,,,,,,0,0
1998-08-08,316000.000000,12.663497,-3.363914,13.828000,-3.368274,0.024786,1.865000,-5.329949,0.063147,,,,,,,0,0
1998-08-15,308000.000000,12.637855,-2.531646,13.116000,-5.148973,0.030308,1.830000,-1.876676,0.063297,,,,,,,0,0
1998-08-22,302000.000000,12.618182,-1.948052,13.332000,1.646844,0.024048,1.960000,7.103825,0.063099,,,,,,,0,0
1998-08-29,310000.000000,12.644328,2.649007,13.648000,2.370237,0.022950,1.760000,-10.204082,0.066356,,,,,,,0,0
1998-09-05,313000.000000,12.653958,0.967742,13.832500,1.351846,0.027933,1.660000,-5.681818,0.066174,,,,,,,0,0
1998-09-12,304000.000000,12.624783,-2.875399,14.480000,4.681005,0.025914,1.845000,11.144578,0.067404,,,,,,,0,0
1998-09-19,305000.000000,12.628067,0.328947,14.876000,2.734807,0.024391,2.055000,11.382114,0.071523,,,,,,,0,0
1998-09-26,294000.000000,12.591335,-3.606557,15.780000,6.076902,0.023454,2.250000,9.489051,0.069681,,,,,,,0,0
1998-10-03,302000.000000,12.618182,2.721088,15.834000,0.342205,0.023652,2.140000,-4.888889,0.067136,,,,,,,0,0
1998-10-10,316000.000000,12.663497,4.635762,15.016000,-5.166098,0.021660,2.070000,-3.271028,0.068685,,,,,,,0,0
1998-10-17,318000.000000,12.669807,0.632911,14.214000,-5.340970,0.018793,1.750000,-15.458937,0.077454,,,,,,,0,0
1998-10-24,309000.000000,12.641097,-2.830189,13.808000,-2.856339,0.024937,2.040000,16.571429,0.084260,,,,,,,0,0
1998-10-31,308000.000000,12.637855,-0.323625,14.344000,3.881808,0.023850,1.900000,-6.862745,0.096807,,,,,,,0,0
1998-11-07,316000.000000,12.663497,2.597403,14.137500,-1.439626,0.020420,2.100000,10.526316,0.094533,,,,,,,0,0
1998-11-14,334000.000000,12.718896,5.696203,13.634000,-3.561450,0.024289,2.250000,7.142857,0.095105,,,,,,,0,0
1998-11-21,304000.000000,12.624783,-8.982036,12.490000,-8.390788,0.025295,2.100000,-6.666667,0.092788,,,,,,,0,0
1998-11-28,310000.000000,12.644328,1.973684,11.616667,-6.992260,0.030585,2.076667,-1.111111,0.092307,,,,,,,0,0
1998-12-05,326000.000000,12.694653,5.161290,11.287500,-2.833572,0.032061,1.400000,-32.584270,0.129175,,,,,,,0,0
1998-12-12,305000.000000,12.628067,-6.441718,11.122500,-1.461794,0.034321,1.590000,13.571429,0.130406,,,,,,,0,0
1998-12-19,297000.000000,12.601487,-2.622951,11.498000,3.376040,0.048226,1.800000,13.207547,0.132597,,,,,,,0,0
1998-12-26,336000.000000,12.724866,13.131313,10.960000,-4.679075,0.046741,,,,,,,,,,0,0
1999-01-02,331000.000000,12.709874,-1.488095,11.850000,8.120438,0.044243,1.950000,,0.133531,,,,,,,0,0
1999-01-09,345000.000000,12.751300,4.229607,12.670000,6.919831,0.043878,2.000000,2.564103,0.131546,,,,,,,0,0
1999-01-16,339000.000000,12.733755,-1.739130,12.622000,-0.378848,0.043899,,,,,,,,,,0,0
1999-01-23,311000.000000,12.647548,-8.259587,12.255000,-2.907622,0.029621,,,,,,,,,,0,0
1999-01-30,305000.000000,12.628067,-1.929260,12.460000,1.672787,0.029008,1.755000,,0.121008,,,,,,,0,0
1999-02-06,291000.000000,12.581079,-4.590164,12.156000,-2.439807,0.025902,1.795000,2.279202,0.115178,,,,,,,0,0
1999-02-13,312000.000000,12.650758,7.216495,11.842500,-2.578973,0.022163,1.810000,0.835655,0.112657,,,,,,,0,0
1999-02-20,302000.000000,12.618182,-3.205128,11.657500,-1.562170,0.025758,1.795000,-0.828729,0.112440,,,,,,,0,0
1999-02-27,301000.000000,12.614866,-0.331126,12.364000,6.060476,0.024112,1.640000,-8.635097,0.113910,,,,,,,0,0
1999-03-06,300000.000000,12.611538,-0.332226,12.902000,4.351343,0.023777,,,,,,,,,,0,0
1999-03-13,308000.000000,12.637855,2.666667,14.192000,9.998450,0.026222,1.840000,,0.118224,,,,,,,0,0
1999-03-20,305000.000000,12.628067,-0.974026,14.912000,5.073281,0.021741,1.730000,-5.978261,0.118321,,,,,,,0,0
1999-03-27,298000.000000,12.604849,-2.295082,15.285000,2.501341,0.021613,1.800000,4.046243,0.118307,,,,,,,0,0
1999-04-03,310000.000000,12.644328,4.026846,,,,1.910000,6.111111,0.067075,,,,,,,0,0
1999-04-10,319000.000000,12.672946,2.903226,16.452000,,0.033745,2.085000,9.162304,0.059419,,,,,,,0,0
1999-04-17,314000.000000,12.657148,-1.567398,17.095000,3.908339,0.033664,,,,,,,,,,0,0
1999-04-24,291000.000000,12.581079,-7.324841,17.943333,4.962465,0.033889,2.170000,,0.053635,,,,,,,0,0
1999-05-01,296000.000000,12.598115,1.718213,18.228000,1.586476,0.030877,,,,,,,,,,0,0
1999-05-08,310000.000000,12.644328,4.729730,18.560000,1.821374,0.032119,,,,,,,,,,0,0
1999-05-15,301000.000000,12.614866,-2.903226,18.040000,-2.801724,0.027618,2.235000,,0.050656,,,,,,,0,0
1999-05-22,298000.000000,12.604849,-0.996678,16.770000,-7.039911,0.032395,2.305000,3.131991,0.050511,,,,,,,0,0
1999-05-29,303000.000000,12.621488,1.677852,17.045000,1.639833,0.031105,2.270000,-1.518438,0.050819,,,,,,,0,0
1999-06-05,303000.000000,12.621488,0.000000,16.560000,-2.845409,0.033496,,,,,,,,,,0,0
1999-06-12,290000.000000,12.577636,-4.290429,17.964000,8.478261,0.036294,2.335000,,0.051798,,,,,,,0,0
1999-06-19,292000.000000,12.584509,0.689655,18.206000,1.347139,0.037033,2.270000,-2.783726,0.037641,,,,,,,0,0
1999-06-26,291000.000000,12.581079,-0.342466,18.420000,1.175437,0.036568,2.250000,-0.881057,0.036374,,,,,,,0,0
1999-07-03,287000.000000,12.567237,-1.374570,19.515000,5.944625,0.034847,2.295000,2.000000,0.035132,,,,,,,0,0
1999-07-10,288000.000000,12.570716,0.348432,,,,2.185000,-4.793028,0.036422,,,,,,,0,0
1999-07-17,309000.000000,12.641097,7.291667,20.495000,,0.034572,,,,,,,,,,0,0
1999-07-24,306000.000000,12.631340,-0.970874,19.690000,-3.927787,0.032626,2.220000,,0.026418,,,,,,,0,0
1999-07-31,300000.000000,12.611538,-1.960784,20.805000,5.662773,0.031485,2.550000,14.864865,0.036390,,,,,,,0,0
1999-08-07,295000.000000,12.594731,-1.666667,20.457500,-1.670272,0.028539,2.663333,4.444444,0.035534,,,,,,,0,0
1999-08-14,292000.000000,12.584509,-1.016949,21.545000,5.315899,0.028350,2.730000,2.503129,0.035452,,,,,,,0,0
1999-08-21,286000.000000,12.563747,-2.054795,21.700000,0.719424,0.026059,2.835000,3.846154,0.039721,,,,,,,0,0
1999-08-28,290000.000000,12.577636,1.398601,21.210000,-2.258065,0.027703,3.025000,6.701940,0.039421,,,,,,,0,0
1999-09-04,290000.000000,12.577636,0.000000,21.790000,2.734559,0.028128,2.720000,-10.082645,0.056144,,,,,,,0,0
1999-09-11,281000.000000,12.546110,-3.103448,,,,,,,,,,,,,0,0
1999-09-18,281000.000000,12.546110,0.000000,24.410000,,0.035009,2.800000,,0.062045,,,,,,,0,0
1999-09-25,306000.000000,12.631340,8.896797,24.455000,0.184351,0.030251,2.315000,-17.321429,0.075047,,,,,,,0,0
1999-10-02,309000.000000,12.641097,0.980392,24.580000,0.511143,0.028973,2.540000,9.719222,0.077363,,,,,,,0,0
1999-10-09,291000.000000,12.581079,-5.825243,20.810000,-15.337673,0.048335,2.490000,-1.968504,0.077812,,,,,,,0,0
1999-10-16,287000.000000,12.567237,-1.374570,22.283333,7.079930,0.049175,2.615000,5.020080,0.073670,,,,,,,0,0
1999-10-23,280000.000000,12.542545,-2.439024,22.550000,1.196709,0.049500,2.950000,12.810707,0.075403,,,,,,,0,0
1999-10-30,285000.000000,12.560244,1.785714,22.480000,-0.310421,0.051539,,,,,,,,,,0,0
1999-11-06,282000.000000,12.549662,-1.052632,22.863333,1.705219,0.050397,2.770000,,0.078713,,,,,,,0,0
1999-11-13,281000.000000,12.546110,-0.354610,24.192500,5.813530,0.045626,2.396667,-13.477738,0.082201,,,,,,,0,0
1999-11-20,276000.000000,12.528156,-1.779359,26.048000,7.669732,0.047251,2.245000,-6.328234,0.084573,,,,,,,0,0
1999-11-27,288000.000000,12.570716,4.347826,27.345000,4.979269,0.028796,,,,,,,,,,0,0
1999-12-04,287000.000000,12.567237,-0.347222,25.462000,-6.886085,0.029050,,,,,,,,,,0,0
1999-12-11,272000.000000,12.513557,-5.226481,26.186000,2.843453,0.030212,2.235000,,0.084028,,,,,,,0,0
1999-12-18,287000.000000,12.567237,5.514706,26.287500,0.387612,0.029941,2.490000,11.409396,0.081348,,,,,,,0,0
1999-12-25,268000.000000,12.498742,-6.620209,26.030000,-0.979553,0.029325,,,,,,,,,,0,0
2000-01-01,286000.000000,12.563747,6.716418,26.335000,1.171725,0.027132,2.300000,,0.077587,,,,,,,0,0
2000-01-08,298000.000000,12.604849,4.195804,24.947500,-5.268654,0.023035,,,,,,,,,,0,0
2000-01-15,289000.000000,12.574182,-3.020134,26.177500,4.930354,0.027550,2.256667,,0.064024,,,,,,,0,0
2000-01-22,284000.000000,12.556730,-1.730104,29.367500,12.186038,0.025556,2.400000,6.351551,0.064963,,,,,,,0,0
2000-01-29,285000.000000,12.560244,0.352113,28.505000,-2.936920,0.035372,2.760000,15.000000,0.071973,,,,,,,0,0
2000-02-05,312000.000000,12.650758,9.473684,28.076000,-1.504999,0.035109,,,,,,,,,,0,0
2000-02-12,300000.000000,12.611538,-3.846154,28.940000,3.077361,0.034705,2.625000,,0.071958,,,,,,,0,0
2000-02-19,283000.000000,12.553202,-5.666667,29.872000,3.220456,0.031181,2.660000,1.333333,0.069937,,,,,,,0,0
2000-02-26,280000.000000,12.542545,-1.060071,30.097500,0.754888,0.029963,2.505000,-5.827068,0.067580,,,,,,,0,0
2000-03-04,286000.000000,12.563747,2.142857,31.072000,3.237810,0.016285,2.706667,8.050566,0.066122,,,,,,,0,0
2000-03-11,270000.000000,12.506177,-5.594406,32.136000,3.424305,0.026333,2.780000,2.709360,0.058980,,,,,,,0,0
2000-03-18,271000.000000,12.509874,0.370370,31.294000,-2.620115,0.028040,2.830000,1.798561,0.057109,,,,,,,0,0
2000-03-25,272000.000000,12.513557,0.369004,27.990000,-10.557934,0.032398,,,,,,,,,,0,0
2000-04-01,266000.000000,12.491252,-2.205882,27.130000,-3.072526,0.032713,2.940000,,0.053714,,,,,,,0,0
2000-04-08,268000.000000,12.498742,0.751880,25.313333,-6.696154,0.032306,2.985000,1.530612,0.053632,,,,,,,0,0
2000-04-15,259000.000000,12.464583,-3.358209,24.868000,-1.759284,0.027958,3.027500,1.423786,0.043708,,,,,,,0,0
2000-04-22,274000.000000,12.520883,5.791506,26.662500,7.216101,0.030099,3.120000,3.055326,0.043561,,,,,,,0,0
2000-04-29,291000.000000,12.581079,6.204380,25.950000,-2.672293,0.031987,3.135000,0.480769,0.031919,,,,,,,0,0
2000-05-06,293000.000000,12.587928,0.687285,26.787500,3.227360,0.030351,3.200000,2.073365,0.028559,,,,,,,0,0
2000-05-13,276000.000000,12.528156,-5.802048,28.700000,7.139524,0.027239,3.250000,1.562500,0.028513,,,,,,,0,0
2000-05-20,280000.000000,12.542545,1.449275,29.878000,4.104530,0.025602,3.760000,15.692308,0.041532,,,,,,,0,0
2000-05-27,280000.000000,12.542545,0.000000,29.462000,-1.392329,0.022535,4.065000,8.111702,0.038062,,,,,,,0,0
2000-06-03,290000.000000,12.577636,3.571429,29.980000,1.758197,0.025652,4.367500,7.441574,0.039426,,,,,,,0,0
2000-06-10,284000.000000,12.556730,-2.068966,29.788000,-0.640427,0.024513,4.193333,-3.987789,0.052239,,,,,,,0,0
2000-06-17,294000.000000,12.591335,3.521127,32.385000,8.718276,0.027154,4.302500,2.603339,0.052811,,,,,,,0,0
2000-06-24,296000.000000,12.598115,0.680272,33.552000,3.603520,0.025335,4.280000,-0.522952,0.058712,,,,,,,0,0
2000-07-01,281000.000000,12.546110,-5.067568,32.120000,-4.268002,0.031350,4.400000,2.803738,0.050004,,,,,,,0,0
2000-07-08,293000.000000,12.587928,4.270463,30.225000,-5.899751,0.035413,4.360000,-0.909091,0.049208,,,,,,,0,0
2000-07-15,303000.000000,12.621488,3.412969,30.420000,0.645161,0.036803,4.125000,-5.389908,0.050490,,,,,,,0,0
2000-07-22,300000.000000,12.611538,-0.990099,30.650000,0.756082,0.040123,3.950000,-4.242424,0.040207,,,,,,,0,0
2000-07-29,298000.000000,12.604849,-0.666667,28.106667,-8.297988,0.038025,3.756667,-4.894515,0.042198,,,,,,,0,0
2000-08-05,306000.000000,12.631340,2.684564,28.745000,2.271110,0.032752,4.005000,6.610470,0.049972,,,,,,,0,0
2000-08-12,315000.000000,12.660328,2.941176,30.136000,4.839102,0.030634,4.480000,11.860175,0.047496,,,,,,,0,0
2000-08-19,318000.000000,12.669807,0.952381,31.800000,5.521635,0.028963,,,,,,,,,,0,0
2000-08-26,312000.000000,12.650758,-1.886792,32.462000,2.081761,0.024325,4.665000,,0.049087,,,,,,,0,0
2000-09-02,301000.000000,12.614866,-3.525641,33.082000,1.909925,0.025735,4.620000,-0.964630,0.049242,1954.028178,,,,,,0,0
2000-09-09,309000.000000,12.641097,2.657807,34.422500,4.052052,0.025588,4.740000,2.597403,0.049152,1998.212465,2.261190,,,,,0,0
2000-09-16,311000.000000,12.647548,0.647249,34.700000,0.806159,0.028319,4.960000,4.641350,0.049647,2034.643792,1.823196,0.008133,,,,0,0
2000-09-23,288000.000000,12.570716,-7.395498,35.486000,2.265130,0.033062,5.060000,2.016129,0.048346,2022.297921,-0.606783,0.011356,,,,0,0
2000-09-30,292000.000000,12.584509,1.388889,30.970000,-12.726146,0.034609,,,,2020.534222,-0.087213,0.010785,,,,0,0
2000-10-07,309000.000000,12.641097,5.821918,31.210000,0.774943,0.035657,5.246667,,0.045554,1985.921700,-1.713038,0.011613,,,,0,0
2000-10-14,299000.000000,12.608199,-3.236246,33.380000,6.952900,0.038816,5.130000,-2.223634,0.044254,1967.623339,-0.921404,0.012753,,,,0,0
2000-10-21,295000.000000,12.594731,-1.337793,33.590000,0.629119,0.037810,5.340000,4.093567,0.044871,1928.160663,-2.005601,0.010666,,,,0,0
2000-10-28,301000.000000,12.614866,2.033898,33.670000,0.238166,0.036571,4.756667,-10.923845,0.048505,1873.486055,-2.835584,0.012390,,,,0,0
2000-11-04,331000.000000,12.709874,9.966777,32.762500,-2.695278,0.028511,4.443333,-6.587246,0.048752,1849.235259,-1.294421,0.011440,,,,0,0
2000-11-11,318000.000000,12.669807,-3.927492,33.460000,2.128958,0.024783,4.600000,3.525881,0.043094,1835.346134,-0.751074,0.010175,,,,0,0
2000-11-18,332000.000000,12.712890,4.402516,35.004000,4.614465,0.016969,,,,1812.859011,-1.225225,0.010782,,,,0,0
2000-11-25,356000.000000,12.782686,7.228916,35.860000,2.445435,0.016917,,,,1815.504608,0.145935,0.010755,,,,0,0
2000-12-02,338000.000000,12.730801,-5.056180,34.102000,-4.902398,0.024105,6.150000,,0.080553,1878.336236,3.460835,0.012871,,,,0,0
2000-12-09,321000.000000,12.679196,-5.029586,29.688000,-12.943522,0.030381,8.160000,32.682927,0.088313,1927.940165,2.640844,0.012644,,,,0,0
2000-12-16,354000.000000,12.777052,10.280374,29.120000,-1.913231,0.034674,8.512500,4.319853,0.110938,1946.679469,0.971986,0.012655,,,,0,0
2000-12-23,364000.000000,12.804909,2.824859,27.687500,-4.919299,0.042723,9.623333,13.049437,0.111557,1908.098604,-1.981881,0.012616,,,,0,0
2000-12-30,353000.000000,12.774223,-3.021978,26.363333,-4.782543,0.044218,9.220000,-4.191202,0.117357,1879.438564,-1.502021,0.010184,,,,0,0
2001-01-06,337000.000000,12.727838,-4.532578,27.797500,5.440005,0.042658,9.790000,6.182213,0.099865,1812.473224,-3.563050,0.012419,,,,0,0
2001-01-13,318000.000000,12.669807,-5.637982,28.814000,3.656804,0.040682,10.056667,2.723868,0.097774,1839.093979,1.468753,0.012642,,,,0,0
2001-01-20,343000.000000,12.745486,7.861635,30.625000,6.285139,0.038233,7.090000,-29.499503,0.122772,1860.974830,1.189763,0.016647,,,,0,0
2001-01-27,362000.000000,12.799399,5.539359,31.735000,3.624490,0.022928,6.873333,-3.055947,0.119695,1860.037876,-0.050348,0.016003,,,,0,0
2001-02-03,376000.000000,12.837344,3.867403,29.722500,-6.341579,0.031736,6.760000,-1.648885,0.119602,1859.156065,-0.047408,0.013872,,,,0,0
2001-02-10,365000.000000,12.807653,-2.925532,30.918000,4.022205,0.032906,6.150000,-9.023669,0.109927,1825.204908,-1.826160,0.013955,,,,0,0
2001-02-17,358000.000000,12.788288,-1.917808,29.674000,-4.023546,0.030888,5.815000,-5.447154,0.103293,1814.622737,-0.579780,0.007169,,,,0,0
2001-02-24,386000.000000,12.863593,7.821229,28.647500,-3.459257,0.027696,5.200000,-10.576096,0.104284,1772.790049,-2.305310,0.008254,,,,0,0
2001-03-03,384000.000000,12.858398,-0.518135,27.910000,-2.574396,0.019921,5.112500,-1.682692,0.087050,1790.371913,0.991762,0.009278,,,,0,0
2001-03-10,393000.000000,12.881565,2.343750,28.448000,1.927625,0.016091,,,,1833.582435,2.413494,0.010322,,,,0,0
2001-03-17,393000.000000,12.881565,0.000000,27.018000,-5.026715,0.016777,5.152500,,0.083818,1773.616807,-3.270408,0.011339,,,,0,0
2001-03-24,378000.000000,12.842649,-3.816794,26.418000,-2.220742,0.019735,5.233333,1.568818,0.083131,1732.610877,-2.311995,0.010949,,,,0,0
2001-03-31,388000.000000,12.868761,2.645503,26.858000,1.665531,0.020138,5.535000,5.764331,0.046389,1701.305256,-1.806847,0.011310,,,,0,0
2001-04-07,398000.000000,12.894207,2.577320,27.030000,0.640405,0.018792,5.260000,-4.968383,0.047125,1669.779162,-1.853053,0.010827,,,,1,0
2001-04-14,383000.000000,12.855790,-3.768844,28.272500,4.596744,0.018414,,,,1679.369280,0.574335,0.011927,,,,1,0
2001-04-21,400000.000000,12.899220,4.438642,28.112500,-0.565921,0.019394,5.000000,,0.047697,1699.321110,1.188055,0.012552,,,,1,0
2001-04-28,406000.000000,12.914108,1.500000,26.622500,-5.300133,0.032034,5.090000,1.800000,0.044342,1674.408923,-1.466008,0.012127,,,,1,0
2001-05-05,381000.000000,12.850555,-6.157635,28.350000,6.488872,0.030999,4.563333,-10.347086,0.037040,1712.548817,2.277812,0.012623,,,,1,0
2001-05-12,390000.000000,12.873902,2.362205,28.207500,-0.502646,0.033673,,,,1674.408896,-2.227085,0.011912,,,,1,0
2001-05-19,402000.000000,12.904207,3.076923,29.084000,3.107330,0.033262,,,,1668.676853,-0.342332,0.011912,,,,1,0
2001-05-26,405000.000000,12.911642,0.746269,28.922000,-0.557007,0.028866,3.970000,,0.043368,1735.697332,4.016385,0.011817,,,,1,0
2001-06-02,406000.000000,12.914108,0.246914,28.620000,-1.044188,0.021015,3.700000,-6.801008,0.042003,1663.385761,-4.166139,0.013212,,,,1,0
2001-06-09,411000.000000,12.926348,1.231527,28.010000,-2.131377,0.017905,3.863333,4.414414,0.047636,1643.764692,-1.179586,0.013939,,,,1,0
2001-06-16,394000.000000,12.884106,-4.136253,28.904000,3.191717,0.017310,3.910000,1.207938,0.048117,1594.822075,-2.977471,0.013195,,,,1,0
2001-06-23,381000.000000,12.850555,-3.299492,27.086000,-6.289787,0.019033,3.680000,-5.882353,0.049029,1581.153449,-0.857063,0.010814,,,,1,0
2001-06-30,394000.000000,12.884106,3.412073,26.374000,-2.628664,0.019927,3.295000,-10.461957,0.051166,1571.453141,-0.613496,0.010169,,,,1,0
2001-07-07,401000.000000,12.901717,1.776650,26.867500,1.871161,0.022544,3.000000,-8.952959,0.051911,1553.705948,-1.129349,0.010416,,,,1,0
2001-07-14,405000.000000,12.911642,0.997506,27.068000,0.746255,0.021785,,,,1550.068300,-0.234127,0.009629,,,,1,0
2001-07-21,398000.000000,12.894207,-1.728395,25.446667,-5.989853,0.025725,3.150000,,0.051121,1542.131691,-0.512017,0.010615,,,,1,0
2001-07-28,388000.000000,12.868761,-2.512563,26.445000,3.923238,0.025173,3.020000,-4.126984,0.049758,1498.259753,-2.844889,0.009916,,,,1,0
2001-08-04,401000.000000,12.901717,3.350515,27.100000,2.476839,0.023489,3.310000,9.602649,0.056059,1492.748208,-0.367863,0.009440,,,,1,0
2001-08-11,394000.000000,12.884106,-1.745636,27.866000,2.826568,0.021329,3.086667,-6.747231,0.054797,1460.340304,-2.171023,0.009362,,,,1,0
2001-08-18,402000.000000,12.904207,2.030457,27.516000,-1.256011,0.018304,3.460000,12.095032,0.065795,1464.088149,0.256642,0.010946,,,,1,0
2001-08-25,395000.000000,12.886641,-1.741294,27.254000,-0.952173,0.032090,2.870000,-17.052023,0.075714,1492.748182,1.957535,0.011018,,,,1,0
2001-09-01,402000.000000,12.904207,1.772152,26.844000,-1.504366,0.034010,2.470000,-13.937282,0.080489,1515.455804,1.521196,0.012418,,,,1,0
2001-09-08,408000.000000,12.919022,1.492537,27.375000,1.978096,0.034051,2.395000,-3.036437,0.078568,1463.867690,-3.404132,0.012771,,,,1,0
2001-09-15,395000.000000,12.886641,-3.186275,28.224000,3.101370,0.035089,,,,1442.923763,-1.430725,0.012327,,,,1,0
2001-09-22,453000.000000,13.023647,14.683544,27.495000,-2.582908,0.035853,2.153333,,0.079279,1434.766700,-0.565315,0.009916,,,,1,0
2001-09-29,517000.000000,13.155798,14.128035,22.332500,-18.776141,0.054124,1.910000,-11.300310,0.075957,1433.003000,-0.122926,0.008503,,,,1,0
2001-10-06,476000.000000,13.073173,-7.930368,22.602000,1.206761,0.054509,2.120000,10.994764,0.082861,1410.295404,-1.584616,0.007664,,,,1,0
2001-10-13,482000.000000,13.085699,1.260504,22.843333,1.067752,0.055753,2.260000,6.603774,0.088698,1402.358822,-0.562760,0.006553,,,,1,0
2001-10-20,482000.000000,13.085699,0.000000,21.918000,-4.050781,0.054513,2.260000,0.000000,0.088291,1392.217569,-0.723157,0.006350,,,,1,0
2001-10-27,483000.000000,13.087772,0.207469,21.776000,-0.647869,0.026276,3.060000,35.398230,0.113248,1373.919183,-1.314334,0.007579,,,,1,0
2001-11-03,440000.000000,12.994530,-8.902692,21.168000,-2.792065,0.023468,3.050000,-0.326797,0.111163,1373.037320,-0.064186,0.008677,,,,1,0
2001-11-10,428000.000000,12.966878,-2.727273,20.842500,-1.537698,0.027479,2.870000,-5.901639,0.111460,1359.148222,-1.011560,0.013806,,,,1,0
2001-11-17,431000.000000,12.973863,0.700935,19.602500,-5.949382,0.054908,2.335000,-18.641115,0.112745,1479.961419,8.888891,0.015578,,,,1,0
2001-11-24,491000.000000,13.104199,13.921114,18.060000,-7.868894,0.055027,1.910000,-18.201285,0.112324,1490.323118,0.700133,0.015679,,,,1,0
2001-12-01,465000.000000,13.049793,-5.295316,19.272500,6.713732,0.055807,1.830000,-4.188482,0.109475,1552.934335,4.201184,0.015473,,,,0,0
2001-12-08,393000.000000,12.881565,-15.483871,19.474000,1.045531,0.057284,2.000000,9.289617,0.111796,1526.258447,-1.717773,0.017310,,,,0,0
2001-12-15,389000.000000,12.871335,-1.017812,18.186667,-6.610523,0.057978,2.570000,28.500000,0.121566,1485.032019,-2.701143,0.012835,,,,0,0
2001-12-22,416000.000000,12.938441,6.940874,19.200000,5.571848,0.030616,2.400000,-6.614786,0.122051,1488.118526,0.207841,0.012931,,,,0,0
2001-12-29,421000.000000,12.950388,1.201923,20.936667,9.045139,0.037011,2.400000,0.000000,0.118722,1492.160299,0.271603,0.011208,,,,0,0
2002-01-05,397000.000000,12.891692,-5.700713,20.853333,-0.398026,0.038091,2.520000,5.000000,0.114979,1451.466681,-2.727161,0.011533,,,,0,0
2002-01-12,418000.000000,12.943237,5.289673,20.472500,-1.826247,0.039790,2.406667,-4.497354,0.093605,1555.579871,7.172964,0.017448,,,,0,0
2002-01-19,405000.000000,12.911642,-3.110048,18.542500,-9.427280,0.038675,2.366667,-1.662050,0.083380,1544.777254,-0.694443,0.017493,,,,0,0
2002-01-26,414000.000000,12.933621,2.222222,19.207500,3.586356,0.038117,2.280000,-3.661972,0.070626,1556.737311,0.774225,0.017090,,,,0,0
2002-02-02,404000.000000,12.909170,-2.415459,19.630000,2.199662,0.030750,2.180000,-4.385965,0.049583,1566.162042,0.605416,0.019085,,,,0,0
2002-02-09,397000.000000,12.891692,-1.732673,19.923333,1.494311,0.027902,,,,1608.931697,2.730858,0.014057,,,,0,0
2002-02-16,397000.000000,12.891692,0.000000,21.180000,6.307512,0.026661,2.180000,,0.050468,1623.041215,0.876949,0.015553,,,,0,0
2002-02-23,398000.000000,12.894207,0.251889,20.702500,-2.254485,0.025113,2.400000,10.091743,0.055298,1557.564016,-4.034229,0.017941,,,,0,0
2002-03-02,392000.000000,12.879017,-1.507538,21.447500,3.598599,0.028037,2.490000,3.750000,0.055907,1569.689415,0.778485,0.014436,,,,0,0
2002-03-09,399000.000000,12.896717,1.785714,23.556667,9.834091,0.027017,2.520000,1.204819,0.055950,1634.064331,4.101124,0.014541,,,,0,0
2002-03-16,392000.000000,12.879017,-1.754386,24.362500,3.420829,0.024928,2.875000,14.087302,0.067064,1630.536932,-0.215867,0.013324,,,,0,0
2002-03-23,415000.000000,12.936034,5.867347,25.254000,3.659312,0.022904,3.200000,11.304348,0.073703,1671.542862,2.514873,0.009983,,,,0,0
2002-03-30,479000.000000,13.079456,15.421687,25.860000,2.399620,0.019224,3.180000,-0.625000,0.073765,1644.370977,-1.625557,0.010736,,,,0,0
2002-04-06,445000.000000,13.005830,-7.098121,26.994000,4.385151,0.016948,,,,1637.371258,-0.425678,0.012188,,,,0,0
2002-04-13,442000.000000,12.999065,-0.674157,25.240000,-6.497740,0.025334,3.070000,,0.069435,1588.869638,-2.962164,0.012024,,,,0,0
2002-04-20,416000.000000,12.938441,-5.882353,25.536000,1.172742,0.027920,3.385000,10.260586,0.070961,1600.333646,0.721520,0.012226,,,,0,0
2002-04-27,414000.000000,12.933621,-0.480769,26.464000,3.634085,0.028371,3.390000,0.147710,0.072540,1618.411560,1.129634,0.011443,,,,0,0
2002-05-04,409000.000000,12.921470,-1.207729,26.740000,1.042926,0.026820,,,,1604.301989,-0.871816,0.010062,,,,0,0
2002-05-11,413000.000000,12.931203,0.977995,27.272000,1.989529,0.024623,,,,1594.381183,-0.618388,0.011156,,,,0,0
2002-05-18,411000.000000,12.926348,-0.484262,28.430000,4.246113,0.019130,3.600000,,0.072088,1619.513842,1.576327,0.010860,,,,0,0
2002-05-25,403000.000000,12.906692,-1.946472,27.178000,-4.403799,0.020814,3.390000,-5.833333,0.074309,1603.199654,-1.007351,0.009520,,,,0,0
2002-06-01,378000.000000,12.842649,-6.203474,25.076667,-7.731744,0.024153,3.255000,-3.982301,0.070060,1659.803283,3.530666,0.011058,,,,0,0
2002-06-08,388000.000000,12.868761,2.645503,25.040000,-0.146218,0.022619,,,,1715.414800,3.350488,0.010017,,,,0,0
2002-06-15,396000.000000,12.889169,2.061856,24.936000,-0.415335,0.021887,3.110000,,0.069537,1689.179857,-1.529364,0.010416,,,,0,0
2002-06-22,388000.000000,12.868761,-2.020202,25.745000,3.244305,0.021106,3.335000,7.234727,0.070568,1660.519772,-1.696686,0.010331,,,,0,0
2002-06-29,386000.000000,12.863593,-0.515464,26.572500,3.214216,0.021360,3.570000,7.046477,0.089301,1656.992373,-0.212427,0.009234,,,,0,0
2002-07-06,391000.000000,12.876463,1.295337,26.813333,0.906325,0.015101,3.280000,-8.123249,0.089156,1669.999634,0.784992,0.008775,,,,0,0
2002-07-13,384000.000000,12.858398,-1.790281,26.704000,-0.407757,0.015589,,,,1653.024082,-1.016500,0.008475,,,,0,0
2002-07-20,379000.000000,12.845291,-1.302083,27.560000,3.205512,0.014204,,,,1607.167998,-2.774072,0.009631,,,,0,0
2002-07-27,390000.000000,12.873902,2.902375,26.644000,-3.323657,0.015712,3.010000,,0.091904,1526.037923,-5.048015,0.009575,,,,0,0
2002-08-03,388000.000000,12.868761,-0.512821,26.874000,0.863234,0.017793,2.995000,-0.498339,0.082974,1509.062396,-1.112392,0.008764,,,,0,0
2002-08-10,389000.000000,12.871335,0.257732,26.770000,-0.386991,0.017829,2.800000,-6.510851,0.078198,1480.622810,-1.884587,0.009161,,,,0,0
2002-08-17,399000.000000,12.896717,2.570694,28.522000,6.544640,0.019948,3.100000,10.714286,0.081874,1487.457109,0.461583,0.009583,,,,0,0
2002-08-24,398000.000000,12.894207,-0.250627,30.090000,5.497511,0.017055,,,,1498.480199,0.741069,0.009613,,,,0,0
2002-08-31,394000.000000,12.884106,-1.005025,28.836000,-4.167498,0.017265,3.390000,,0.084948,1512.369349,0.926882,0.008254,,,,0,0
2002-09-07,416000.000000,12.938441,5.583756,28.652500,-0.636357,0.019699,,,,1482.331358,-1.986154,0.008767,,,,0,0
2002-09-14,412000.000000,12.928779,-0.961538,29.594000,3.285926,0.019494,3.295000,,0.084343,1533.092747,3.424429,0.009886,,,,0,0
2002-09-21,401000.000000,12.901717,-2.669903,29.386000,-0.702845,0.019716,,,,1488.559418,-2.904803,0.010162,,,,0,0
2002-09-28,409000.000000,12.921470,1.995012,30.634000,4.246920,0.019866,3.840000,,0.090608,1472.024758,-1.110783,0.010951,,,,0,0
2002-10-05,404000.000000,12.909170,-1.222494,30.254000,-1.240452,0.016784,4.340000,13.020833,0.095610,1460.119832,-0.808745,0.010566,,,,0,0
2002-10-12,405000.000000,12.911642,0.247525,29.368000,-2.928538,0.014364,,,,1464.088123,0.271778,0.009685,,,,0,0
2002-10-19,412000.000000,12.928779,1.728395,29.648000,0.953419,0.014694,,,,1493.630071,2.017771,0.011893,,,,0,0
2002-10-26,409000.000000,12.921470,-0.728155,27.878000,-5.970049,0.015667,4.200000,,0.093994,1539.706627,3.084871,0.012011,,,,0,0
2002-11-02,405000.000000,12.911642,-0.977995,27.026000,-3.056173,0.015520,,,,1564.839287,1.632302,0.012321,,,,0,0
2002-11-09,400000.000000,12.899220,-1.234568,25.972000,-3.899948,0.016997,,,,1589.310556,1.563820,0.013066,,,,0,0
2002-11-16,389000.000000,12.871335,-2.750000,25.777500,-0.748883,0.016555,3.883333,,0.088712,1578.948831,-0.651964,0.010331,,,,0,0
2002-11-23,390000.000000,12.873902,0.257069,26.984000,4.680438,0.019743,4.235000,9.055794,0.072934,1616.206915,2.359677,0.009693,,,,0,0
2002-11-30,377000.000000,12.840000,-3.333333,26.826667,-0.583062,0.019641,,,,1627.009550,0.668394,0.011231,,,,0,0
2002-12-07,425000.000000,12.959844,12.732095,27.142000,1.175447,0.019296,4.230000,,0.073074,1650.378545,1.436316,0.011255,,,,0,0
2002-12-14,429000.000000,12.969212,0.941176,27.952500,2.986147,0.019767,4.515000,6.737589,0.067728,1614.002271,-2.204117,0.011171,,,,0,0
2002-12-21,394000.000000,12.884106,-8.158508,30.292500,8.371344,0.019942,5.220000,15.614618,0.069064,1582.917175,-1.925964,0.009876,,,,0,0
2002-12-28,409000.000000,12.921470,3.807107,32.377500,6.882892,0.021147,4.810000,-7.854406,0.070919,1549.296732,-2.123955,0.010477,,,,0,0
2003-01-04,393000.000000,12.881565,-3.911980,31.962500,-1.281754,0.023377,,,,1563.351151,0.907148,0.010461,,,,0,0
2003-01-11,378000.000000,12.842649,-3.816794,31.538000,-1.328119,0.027389,5.050000,,0.070983,1628.773259,4.184735,0.010277,,,,0,0
2003-01-18,402000.000000,12.904207,6.349206,33.192500,5.246052,0.024815,5.365000,6.237624,0.059489,1665.149480,2.233351,0.010104,,,,0,0
2003-01-25,407000.000000,12.916568,1.243781,34.455000,3.803570,0.024215,6.135000,14.352283,0.056717,1689.565631,1.466304,0.009170,,,,0,0
2003-02-01,413000.000000,12.931203,1.474201,33.160000,-3.758526,0.030880,,,,1698.218775,0.512152,0.010645,,,,0,0
2003-02-08,390000.000000,12.873902,-5.569007,34.190000,3.106152,0.029662,6.080000,,0.059473,1705.714465,0.441385,0.011248,,,,0,0
2003-02-15,420000.000000,12.948010,7.692308,35.506667,3.851029,0.027531,5.880000,-3.289474,0.060102,1685.211513,-1.202015,0.012937,,,,0,0
2003-02-22,421000.000000,12.950388,0.238095,36.696667,3.351483,0.025816,6.095000,3.656463,0.054623,1659.527693,-1.524071,0.015621,,,,0,0
2003-03-01,436000.000000,12.985398,3.562945,37.336667,1.744028,0.026526,13.756667,125.704129,0.223567,1729.083478,4.191300,0.014910,,,,0,0
2003-03-08,424000.000000,12.957489,-2.752294,37.276667,-0.160700,0.026170,7.965000,-42.100800,0.235475,1694.470956,-2.001784,0.016656,,,,0,0
2003-03-15,430000.000000,12.971540,1.415094,37.340000,0.169901,0.026630,,,,1660.519798,-2.003644,0.015943,,,,0,0
2003-03-22,411000.000000,12.926348,-4.418605,28.595000,-23.419925,0.060107,5.150000,,0.250463,1694.250484,2.031333,0.015017,,,,0,0
2003-03-29,436000.000000,12.985398,6.082725,31.465000,10.036720,0.069996,5.070000,-1.553398,0.248512,1647.512511,-2.758622,0.015578,,,,0,0
2003-04-05,417000.000000,12.940842,-4.357798,30.310000,-3.670745,0.071970,,,,1577.185158,-4.268699,0.014453,,,,0,0
2003-04-12,434000.000000,12.980800,4.076739,27.585000,-8.990432,0.072149,5.110000,,0.248404,1588.649165,0.726865,0.014663,,,,0,0
2003-04-19,450000.000000,13.017003,3.686636,29.573333,7.208024,0.074958,,,,1612.403939,1.495281,0.013026,,,,0,0
2003-04-26,444000.000000,13.003580,-1.333333,27.160000,-8.160505,0.075977,,,,1587.326437,-1.555287,0.010087,,,,0,0
2003-05-03,428000.000000,12.966878,-3.603604,25.685000,-5.430781,0.076519,5.290000,,0.247750,1588.869638,0.097220,0.008962,,,,0,0
2003-05-10,417000.000000,12.940842,-2.570093,26.940000,4.886120,0.077152,,,,1601.876899,0.818649,0.008614,,,,0,0
2003-05-17,425000.000000,12.959844,1.918465,28.790000,6.867112,0.078890,,,,1666.031343,4.004955,0.009220,,,,0,0
2003-05-24,419000.000000,12.945626,-1.411765,29.296667,1.759870,0.054478,,,,1682.786450,1.005690,0.008002,,,,0,0
2003-05-31,431000.000000,12.973863,2.863962,28.805000,-1.678234,0.042608,,,,1704.171231,1.270796,0.008980,,,,0,0
2003-06-07,429000.000000,12.969212,-0.464037,31.260000,8.522826,0.043114,6.285000,,0.251038,1722.910516,1.099613,0.008155,,,,0,0
2003-06-14,421000.000000,12.950388,-1.864802,31.540000,0.895713,0.039002,5.760000,-8.353222,0.249814,1689.620776,-1.932180,0.008866,,,,0,0
2003-06-21,408000.000000,12.919022,-3.087886,30.523333,-3.223420,0.036263,,,,1705.934964,0.965553,0.010688,,,,0,0
2003-06-28,429000.000000,12.969212,5.147059,30.222500,-0.985585,0.036454,,,,1674.629342,-1.835101,0.010267,,,,0,0
2003-07-05,433000.000000,12.978493,0.932401,30.280000,0.190256,0.036260,,,,1651.811556,-1.362557,0.010963,,,,0,0
2003-07-12,412000.000000,12.928779,-4.849885,30.560000,0.924703,0.034478,5.386667,,0.250040,1702.848483,3.089755,0.012448,,,,0,0
2003-07-19,403000.000000,12.906692,-2.184466,31.413333,2.792321,0.034639,5.080000,-5.693069,0.156662,1734.595023,1.864320,0.011938,,,,0,0
2003-07-26,398000.000000,12.894207,-1.240695,30.707500,-2.246923,0.032365,4.883333,-3.871391,0.097782,1720.485452,-0.813422,0.012098,,,,0,0
2003-08-02,401000.000000,12.901717,0.753769,30.095000,-1.994627,0.032337,4.695000,-3.856655,0.058688,1781.773862,3.562274,0.011901,,,,0,0
2003-08-09,404000.000000,12.909170,0.748130,32.052500,6.504403,0.032438,5.020000,6.922258,0.060322,1776.482815,-0.296954,0.011873,,,,0,0
2003-08-16,398000.000000,12.894207,-1.485149,31.256667,-2.482906,0.023713,5.100000,1.593625,0.060424,1750.468293,-1.464384,0.011648,,,,0,0
2003-08-23,391000.000000,12.876463,-1.758794,31.393333,0.437240,0.023113,,,,1765.018781,0.831234,0.010416,,,,0,0
2003-08-30,407000.000000,12.916568,4.092072,31.733333,1.083032,0.022045,4.963333,,0.060155,1755.318447,-0.549588,0.010251,,,,0,0
2003-09-06,422000.000000,12.952761,3.685504,29.250000,-7.825630,0.027445,4.690000,-5.507052,0.042172,1804.757054,2.816504,0.011570,,,,0,0
2003-09-13,394000.000000,12.884106,-6.635071,28.845000,-1.384615,0.025711,4.850000,3.411514,0.042480,1796.103904,-0.479463,0.012148,,,,0,0
2003-09-20,379000.000000,12.845291,-3.807107,27.300000,-5.356214,0.022651,,,,1804.701956,0.478706,0.012134,,,,0,0
2003-09-27,387000.000000,12.866180,2.110818,27.826667,1.929182,0.024794,4.380000,,0.047005,1813.740847,0.500852,0.012139,,,,0,0
2003-10-04,386000.000000,12.863593,-0.258398,28.890000,3.821275,0.025732,4.570000,4.337900,0.043086,1813.961346,0.012157,0.010057,,,,0,0
2003-10-11,376000.000000,12.837344,-2.590674,31.490000,8.999654,0.029211,4.690000,2.625821,0.041497,1869.958656,3.087018,0.007166,,,,0,0
2003-10-18,387000.000000,12.866180,2.925532,31.710000,0.698634,0.028447,4.763333,1.563611,0.043690,1955.277495,4.562606,0.011274,,,,0,0
2003-10-25,379000.000000,12.845291,-2.067183,30.100000,-5.077263,0.030264,4.660000,-2.169349,0.054012,1991.212798,1.837862,0.012094,,,,0,0
2003-11-01,363000.000000,12.802158,-4.221636,29.253333,-2.812846,0.025868,,,,2024.061594,1.649688,0.012558,,,,0,0
2003-11-08,371000.000000,12.823957,2.203857,30.730000,5.047858,0.027840,4.065000,,0.061150,2082.704494,2.897288,0.014476,,,,0,0
2003-11-15,370000.000000,12.821258,-0.269542,31.510000,2.538236,0.026704,4.570000,12.423124,0.067911,2077.854339,-0.232878,0.012905,,,,0,0
2003-11-22,354000.000000,12.777052,-4.324324,32.260000,2.380197,0.025880,4.250000,-7.002188,0.068934,2005.542841,-3.480104,0.017574,,,,0,0
2003-11-29,357000.000000,12.785491,0.847458,30.113333,-6.654267,0.030457,,,,1982.688263,-1.139571,0.018249,,,,0,0
2003-12-06,367000.000000,12.813117,2.801120,30.925000,2.695373,0.029723,5.663333,,0.084055,2130.985694,7.479614,0.021102,,,,0,0
2003-12-13,363000.000000,12.802158,-1.089918,32.177500,4.050121,0.027443,6.520000,15.126545,0.084007,2153.693290,1.065591,0.020118,,,,0,0
2003-12-20,354000.000000,12.777052,-2.479339,32.875000,2.167664,0.024733,,,,2224.682060,3.296141,0.018013,,,,0,0
2003-12-27,349000.000000,12.762827,-1.412429,32.243333,-1.921420,0.025607,,,,2245.405405,0.931519,0.015803,,,,0,0
2004-01-03,356000.000000,12.782686,2.005731,32.760000,1.602398,0.023989,,,,2296.479167,2.274590,0.009825,,,,0,0
2004-01-10,354000.000000,12.777052,-0.561798,33.540000,2.380952,0.024120,6.643333,,0.084294,2388.264834,3.996799,0.014662,,,,0,0
2004-01-17,362000.000000,12.799399,2.259887,34.115000,1.714371,0.025051,5.875000,-11.565479,0.096194,2393.776405,0.230777,0.015709,,,,0,0
2004-01-24,353000.000000,12.774223,-2.486188,35.196667,3.170648,0.021484,6.030000,2.638298,0.096206,2461.182651,2.815896,0.015321,,,,0,0
2004-01-31,376000.000000,12.837344,6.515581,34.020000,-3.343120,0.022997,5.700000,-5.472637,0.095044,2476.890547,0.638226,0.015446,,,,0,0
2004-02-07,380000.000000,12.847927,1.063830,33.406000,-1.804821,0.023658,5.540000,-2.807018,0.094356,2573.232449,3.889631,0.010587,,,,0,0
2004-02-14,356000.000000,12.782686,-6.315789,33.710000,0.910016,0.026068,5.440000,-1.805054,0.090348,2673.542642,3.898217,0.011210,,,,0,0
2004-02-21,359000.000000,12.791078,0.842697,35.610000,5.636310,0.025076,5.330000,-2.022059,0.090277,2885.571925,7.930649,0.014918,,,,0,0
2004-02-28,348000.000000,12.759958,-3.064067,35.893333,0.795657,0.023954,5.100000,-4.315197,0.083252,2926.412625,1.415342,0.015613,,,,0,0
2004-03-06,344000.000000,12.748397,-1.149425,36.955000,2.957838,0.023320,,,,2963.891182,1.280700,0.022193,,,,0,0
2004-03-13,338000.000000,12.730801,-1.744186,36.563333,-1.059848,0.019808,,,,2861.817263,-3.443916,0.025248,,,,0,0
2004-03-20,346000.000000,12.754194,2.366864,37.820000,3.436959,0.020093,,,,3001.810578,4.891763,0.023948,,,,0,0
2004-03-27,340000.000000,12.736701,-1.734104,36.915000,-2.392914,0.022132,,,,2984.614527,-0.572856,0.023223,,,,0,0
2004-04-03,335000.000000,12.721886,-1.470588,36.150000,-2.072328,0.021290,,,,2991.669378,0.236374,0.017692,,,,0,0
2004-04-10,355000.000000,12.779873,5.970149,35.715000,-1.203320,0.028707,5.700000,,0.082693,2907.067054,-2.827930,0.013690,,,,0,0
2004-04-17,364000.000000,12.804909,2.535211,37.180000,4.101918,0.029113,,,,2881.879270,-0.866433,0.014333,,,,0,0
2004-04-24,339000.000000,12.733755,-6.868132,37.285000,0.282410,0.030553,,,,2817.945351,-2.218480,0.021990,,,,0,0
2004-05-01,324000.000000,12.688499,-4.424779,37.336667,0.138572,0.029896,,,,2670.456187,-5.233926,0.024134,,,,0,0
2004-05-08,329000.000000,12.703813,1.543210,39.693333,6.311936,0.031144,5.800000,,0.082670,2705.950625,1.329153,0.025389,,,,0,0
2004-05-15,349000.000000,12.762827,6.079027,40.206667,1.293248,0.032507,6.140000,5.862069,0.081473,2602.113033,-3.837379,0.023726,,,,0,0
2004-05-22,342000.000000,12.742566,-2.005731,40.560000,0.878793,0.031633,6.350000,3.420195,0.080108,2604.538097,0.093196,0.021027,,,,0,0
2004-05-29,337000.000000,12.727838,-1.461988,40.646000,0.212032,0.027097,6.700000,5.511811,0.070137,2754.893111,5.772809,0.018774,,,,0,0
2004-06-05,355000.000000,12.779873,5.341246,40.526667,-0.293592,0.031895,6.440000,-3.880597,0.065820,2767.900385,0.472152,0.020315,,,,0,0
2004-06-12,339000.000000,12.733755,-4.507042,37.987500,-6.265422,0.031206,,,,2675.857470,-3.325370,0.023138,,,,0,0
2004-06-19,354000.000000,12.777052,4.424779,37.650000,-0.888450,0.030621,,,,2615.561186,-2.253344,0.022748,,,,0,0
2004-06-26,348000.000000,12.759958,-1.694915,37.792500,0.378486,0.029773,,,,2641.796102,1.003032,0.024364,,,,0,0
2004-07-03,326000.000000,12.694653,-6.321839,37.362500,-1.137792,0.031757,6.005000,,0.063279,2656.567142,0.559129,0.023816,,,,0,0
2004-07-10,345000.000000,12.751300,5.828221,39.670000,6.175979,0.027028,6.190000,3.080766,0.064420,2761.010987,3.931534,0.019224,,,,0,0
2004-07-17,355000.000000,12.779873,2.898551,40.232500,1.417948,0.026276,,,,2838.448303,2.804672,0.017308,,,,0,0
2004-07-24,348000.000000,12.759958,-1.971831,41.274000,2.588703,0.025128,5.940000,,0.062374,2823.897761,-0.512623,0.016460,,,,0,0
2004-07-31,341000.000000,12.739638,-2.011494,42.667500,3.376217,0.025276,5.770000,-2.861953,0.046552,2794.135393,-1.053946,0.016982,,,,0,0
2004-08-07,336000.000000,12.724866,-1.466276,44.156667,3.490166,0.017345,,,,2856.305639,2.225026,0.015241,,,,0,0
2004-08-14,332000.000000,12.712890,-1.190476,45.244000,2.462444,0.014684,,,,2810.229109,-1.613151,0.018753,,,,0,0
2004-08-21,343000.000000,12.745486,3.313253,47.278000,4.495624,0.015344,,,,2852.998739,1.521927,0.018995,,,,0,0
2004-08-28,352000.000000,12.771386,2.623907,44.642500,-5.574474,0.020752,5.140000,,0.050286,2751.586263,-3.554592,0.015939,,,,0,0
2004-09-04,326000.000000,12.694653,-7.386364,43.120000,-3.410427,0.020966,4.796667,-6.679637,0.058597,2780.466689,1.049592,0.016910,,,,0,0
2004-09-11,331000.000000,12.709874,1.533742,43.855000,1.704545,0.022415,,,,2797.938390,0.628373,0.016774,,,,0,0
2004-09-18,341000.000000,12.739638,3.021148,44.085000,0.524456,0.022416,5.073333,,0.071066,2835.361795,1.337535,0.013277,,,,0,0
2004-09-25,351000.000000,12.768542,2.932551,47.992500,8.863559,0.026197,5.315000,4.763469,0.067740,2985.275970,5.287303,0.013568,,,,0,0
2004-10-02,335000.000000,12.721886,-4.558405,49.602500,3.354691,0.023575,5.300000,-0.282220,0.066438,3070.815176,2.865370,0.012229,,,,0,0
2004-10-09,338000.000000,12.730801,0.895522,51.774000,4.377804,0.018441,5.915000,11.603774,0.077420,3147.756462,2.505565,0.011741,,,,0,0
2004-10-16,327000.000000,12.697715,-3.254438,53.972500,4.246340,0.015774,5.380000,-9.044801,0.077142,3003.574251,-4.580475,0.030618,,,,0,0
2004-10-23,338000.000000,12.730801,3.363914,53.793333,-0.331959,0.016950,5.885000,9.386617,0.079043,2878.351871,-4.169112,0.029900,,,,0,0
2004-10-30,332000.000000,12.712890,-1.775148,53.428000,-0.679142,0.022444,7.460000,26.762957,0.109042,2850.353176,-0.972734,0.034484,,,,0,0
2004-11-06,330000.000000,12.706848,-0.602410,49.810000,-6.771730,0.026048,6.740000,-9.651475,0.117075,2964.993412,4.021966,0.034455,,,,0,0
2004-11-13,337000.000000,12.727838,2.121212,48.000000,-3.633808,0.027341,6.103333,-9.446093,0.122374,3073.681185,3.665700,0.020884,,,,0,0
2004-11-20,313000.000000,12.653958,-7.121662,47.037500,-2.005208,0.030455,6.060000,-0.709995,0.116591,3204.635635,4.260509,0.020886,,,,0,0
2004-11-27,335000.000000,12.721886,7.028754,48.786667,3.718664,0.029136,5.240000,-13.531353,0.116132,3244.465739,1.242890,0.020484,,,,0,0
2004-12-04,343000.000000,12.745486,2.388060,46.060000,-5.588959,0.030292,6.746667,28.753181,0.128531,3186.778193,-1.778029,0.014568,,,,0,0
2004-12-11,316000.000000,12.663497,-7.871720,41.910000,-9.009987,0.029479,,,,3084.483828,-3.209962,0.016085,,,,0,0
2004-12-18,322000.000000,12.682307,1.898734,43.500000,3.793844,0.033434,7.083333,,0.127995,3211.249436,4.109784,0.014953,,,,0,0
2004-12-25,320000.000000,12.676076,-0.621118,44.392500,2.051724,0.032900,6.905000,-2.517647,0.122131,3280.750130,2.164288,0.015233,,,,0,0
2005-01-01,356000.000000,12.782686,11.250000,42.522500,-4.212423,0.030853,6.570000,-4.851557,0.122705,3313.543841,0.999580,0.017064,,,,0,0
2005-01-08,369000.000000,12.818552,3.651685,44.072000,3.643953,0.031290,5.686667,-13.444952,0.108919,3163.850125,-4.517632,0.026092,,,,0,0
2005-01-15,332000.000000,12.712890,-10.027100,46.872500,6.354375,0.031196,6.085000,7.004689,0.101535,3149.520135,-0.452929,0.026143,,,,0,0
2005-01-22,329000.000000,12.703813,-0.903614,47.847500,2.080111,0.027966,,,,3210.477901,1.935462,0.026155,,,,0,0
2005-01-29,331000.000000,12.709874,0.607903,48.558000,1.484926,0.025113,6.335000,,0.091563,3259.530636,1.527895,0.023757,,,,0,0
2005-02-05,307000.000000,12.634603,-7.250755,46.970000,-3.270316,0.021729,,,,3172.889148,-2.658097,0.010997,,,,0,0
2005-02-12,308000.000000,12.637855,0.325733,46.080000,-1.894826,0.017648,6.200000,,0.086243,3189.644202,0.528069,0.010820,,,,0,0
2005-02-19,318000.000000,12.669807,3.246753,48.033333,4.239005,0.017868,6.050000,-2.419355,0.086380,3276.285743,2.716339,0.011147,,,,0,0
2005-02-26,314000.000000,12.657148,-1.257862,51.993333,8.244275,0.022031,6.285000,3.884298,0.079694,3287.088413,0.329723,0.011313,,,,0,0
2005-03-05,333000.000000,12.715898,6.050955,52.992500,1.921721,0.020368,6.615000,5.250597,0.056553,3266.585435,-0.623743,0.011379,,,,0,0
2005-03-12,324000.000000,12.688499,-2.702703,54.224000,2.323914,0.019463,6.910000,4.459562,0.057354,3293.702240,0.830127,0.009490,,,,0,0
2005-03-19,329000.000000,12.703813,1.543210,56.033333,3.336776,0.018128,7.120000,3.039074,0.057366,3302.520817,0.267741,0.008674,,,,0,0
2005-03-26,342000.000000,12.742566,3.951368,54.026667,-3.581202,0.034756,7.155000,0.491573,0.057120,3248.507534,-1.635517,0.011942,,,,0,0
2005-04-02,335000.000000,12.721886,-2.046784,54.397500,0.686389,0.037502,7.180000,0.349406,0.055447,3273.033928,0.755005,0.011954,,,,0,0
2005-04-09,323000.000000,12.685408,-3.582090,54.832500,0.799669,0.037875,7.520000,4.735376,0.040037,3337.794703,1.978616,0.012526,,,,0,0
2005-04-16,307000.000000,12.634603,-4.953560,50.953333,-7.074576,0.039216,,,,3279.151857,-1.756934,0.015006,,,,0,0
2005-04-23,317000.000000,12.666657,3.257329,52.405000,2.849012,0.040435,6.950000,,0.041744,3291.938567,0.389940,0.013983,,,,0,0
2005-04-30,334000.000000,12.718896,5.362776,51.996000,-0.780460,0.033821,6.670000,-4.028777,0.043187,3277.443242,-0.440328,0.014619,,,,0,0
2005-05-07,327000.000000,12.697715,-2.095808,50.470000,-2.934841,0.028229,6.670000,0.000000,0.040977,3247.184818,-0.923233,0.014262,,,,0,0
2005-05-14,321000.000000,12.679196,-1.834862,50.755000,0.564692,0.028893,6.620000,-0.749625,0.039720,3238.807239,-0.257995,0.013719,,,,0,0
2005-05-21,320000.000000,12.676076,-0.311526,47.543333,-6.327784,0.027900,,,,3198.903618,-1.232047,0.013162,,,,0,0
2005-05-28,340000.000000,12.736701,6.250000,50.146000,5.474304,0.027615,,,,3360.943165,5.065471,0.025699,,,,0,0
2005-06-04,338000.000000,12.730801,-0.588235,53.313333,6.316223,0.026191,6.310000,,0.037562,3415.783107,1.631683,0.026345,,,,0,0
2005-06-11,333000.000000,12.715898,-1.479290,53.792500,0.898775,0.023048,7.110000,12.678288,0.045748,3541.501597,3.680517,0.026368,,,,0,0
2005-06-18,321000.000000,12.679196,-3.603604,56.182000,4.442069,0.021018,,,,3588.900855,1.338394,0.026184,,,,0,0
2005-06-25,311000.000000,12.647548,-3.115265,59.043333,5.092972,0.018171,7.800000,,0.049175,3696.706791,3.003871,0.023771,,,,0,0
2005-07-02,327000.000000,12.697715,5.144695,58.214000,-1.404618,0.021594,7.010000,-10.128205,0.055255,3513.943847,-4.943939,0.017731,,,,0,0
2005-07-09,338000.000000,12.730801,3.363914,60.570000,4.047136,0.019844,7.870000,12.268188,0.060272,3537.312846,0.665036,0.019196,,,,0,0
2005-07-16,323000.000000,12.685408,-4.437870,59.387500,-1.952287,0.020935,,,,3568.838848,0.891242,0.017496,,,,0,0
2005-07-23,318000.000000,12.669807,-1.547988,57.304000,-3.508314,0.019437,7.700000,,0.059628,3625.718126,1.593775,0.016928,,,,0,0
2005-07-30,316000.000000,12.663497,-0.628931,59.360000,3.587882,0.019920,7.690000,-0.129870,0.059627,3697.368182,1.976162,0.010365,,,,0,0
2005-08-06,311000.000000,12.647548,-1.582278,61.636000,3.834232,0.017617,8.030000,4.421326,0.059591,3746.090327,1.317752,0.008243,,,,0,0
2005-08-13,319000.000000,12.672946,2.572347,64.380000,4.451944,0.017203,,,,3734.405794,-0.311913,0.010683,,,,0,0
2005-08-20,315000.000000,12.660328,-1.253918,64.770000,0.605778,0.017104,,,,3841.109447,2.857313,0.013001,,,,0,0
2005-08-27,318000.000000,12.669807,0.952381,66.342000,2.427050,0.018110,9.960000,,0.075555,3829.424967,-0.304195,0.015171,,,,0,0
2005-09-03,326000.000000,12.694653,2.515723,68.513333,3.272939,0.017972,11.750000,17.971888,0.082529,3802.087663,-0.713875,0.019218,,,,0,0
2005-09-10,422000.000000,12.952761,29.447853,65.003333,-5.123090,0.022578,11.135000,-5.234043,0.081809,3768.522234,-0.882816,0.018404,,,,0,0
2005-09-17,424000.000000,12.957489,0.473934,63.844000,-1.783498,0.023323,10.876667,-2.320012,0.079376,3726.689658,-1.110053,0.016604,,,,0,0
2005-09-24,359000.000000,12.791078,-15.330189,66.477500,4.124898,0.027288,13.696667,25.927061,0.082790,3921.578027,5.229530,0.019324,,,,0,0
2005-10-01,384000.000000,12.858398,6.963788,65.872500,-0.910082,0.027061,,,,4067.523911,3.721611,0.017408,,,,0,0
2005-10-08,383000.000000,12.855790,-0.260417,63.180000,-4.087442,0.026891,13.670000,,0.085048,4115.143720,1.170732,0.016760,,,,0,0
2005-10-15,348000.000000,12.759958,-9.138381,63.673333,0.780838,0.025403,,,,4153.724612,0.937534,0.017489,,,,0,0
2005-10-22,324000.000000,12.688499,-6.896552,63.103333,-0.895194,0.024709,12.730000,,0.087819,4245.216229,2.202640,0.016262,,,,0,0
2005-10-29,322000.000000,12.682307,-0.617284,61.328000,-2.813375,0.021789,13.900000,9.190888,0.087536,4270.789859,0.602411,0.014463,,,,0,0
2005-11-05,325000.000000,12.691580,0.931677,60.487500,-1.370500,0.021060,9.670000,-30.431655,0.120824,4203.108043,-1.584761,0.013752,,,,0,0
2005-11-12,309000.000000,12.641097,-4.923077,59.050000,-2.376524,0.021353,9.195000,-4.912099,0.121945,4302.977344,2.376082,0.012793,,,,0,0
2005-11-19,324000.000000,12.688499,4.854369,56.987500,-3.492803,0.020264,10.083333,9.661048,0.114798,4504.038622,4.672608,0.011682,,,,0,0
2005-11-26,311000.000000,12.647548,-4.012346,58.133333,2.010675,0.020541,10.815000,7.256198,0.115860,4644.399418,3.116332,0.012678,,,,0,0
2005-12-03,321000.000000,12.679196,3.215434,57.890000,-0.418578,0.019456,11.010000,1.803051,0.115879,4680.849156,0.784811,0.021647,,,,0,0
2005-12-10,327000.000000,12.697715,1.869159,59.685000,3.100708,0.018920,14.250000,29.427793,0.129060,4759.995060,1.690845,0.022464,,,,0,0
2005-12-17,312000.000000,12.650758,-4.587156,60.320000,1.063919,0.019924,14.820000,4.000000,0.129144,4746.767352,-0.277893,0.023174,,,,0,0
2005-12-24,320000.000000,12.676076,2.564103,57.940000,-3.945623,0.018640,11.170000,-24.628880,0.145054,4823.708480,1.620916,0.021834,,,,0,0
2005-12-31,302000.000000,12.618182,-5.625000,60.035000,3.615809,0.018423,10.060000,-9.937332,0.139131,4850.163974,0.548447,0.015164,,,,0,0
2006-01-07,326000.000000,12.694653,7.947020,63.110000,5.122012,0.020416,9.463333,-5.931080,0.137749,4783.198633,-1.380682,0.016648,,,,0,0
2006-01-14,285000.000000,12.560244,-12.576687,63.685000,0.911108,0.018092,8.700000,-8.066221,0.135835,4769.254528,-0.291523,0.015949,,,,0,0
2006-01-21,290000.000000,12.577636,1.754386,66.785000,4.867708,0.019051,,,,4753.711875,-0.325893,0.015860,,,,0,0
2006-01-28,282000.000000,12.549662,-2.758621,66.820000,0.052407,0.017967,8.270000,,0.110317,4877.280648,2.599417,0.014397,,,,0,0
2006-02-04,289000.000000,12.574182,2.482270,66.590000,-0.344208,0.016973,,,,5011.321815,2.748277,0.013149,,,,0,0
2006-02-11,298000.000000,12.604849,3.114187,63.060000,-5.301096,0.018417,7.570000,,0.109939,5043.729588,0.646691,0.016705,,,,0,0
2006-02-18,283000.000000,12.553202,-5.033557,59.272500,-6.006185,0.017983,7.030000,-7.133421,0.110247,4913.436634,-2.583266,0.018925,,,,0,0
2006-02-25,293000.000000,12.587928,3.533569,59.932500,1.113501,0.025688,,,,4938.899936,0.518238,0.020350,,,,0,0
2006-03-04,302000.000000,12.618182,3.071672,61.690000,2.932466,0.024650,6.590000,,0.109624,4900.649818,-0.774466,0.020099,,,,0,0
2006-03-11,307000.000000,12.634603,1.655629,60.890000,-1.296807,0.024228,6.400000,-2.883156,0.109432,4841.786420,-1.201135,0.020778,,,,0,0
2006-03-18,303000.000000,12.621488,-1.302932,62.547500,2.722122,0.025068,7.135000,11.484375,0.103413,5026.092645,3.806575,0.019754,,,,0,0
2006-03-25,295000.000000,12.594731,-2.640264,61.356000,-1.904952,0.025922,7.196667,0.864284,0.100348,5224.288020,3.943329,0.017922,,,,0,0
2006-04-01,291000.000000,12.581079,-1.355932,65.525000,6.794771,0.019227,7.160000,-0.509495,0.100398,5483.771699,4.966872,0.015967,,,,0,0
2006-04-08,299000.000000,12.608199,2.749141,66.564000,1.585654,0.018055,,,,5787.347946,5.535902,0.015009,,,,0,0
2006-04-15,299000.000000,12.608199,0.000000,68.616667,3.083749,0.017250,,,,6161.912937,6.472135,0.015382,,,,0,0
2006-04-22,308000.000000,12.637855,3.010033,71.845000,4.704882,0.013394,,,,6788.686310,10.171734,0.016958,,,,0,0
2006-04-29,321000.000000,12.679196,4.220779,70.378000,-2.041896,0.023961,6.905000,,0.074821,7363.430821,8.466211,0.027003,,,,0,0
2006-05-06,347000.000000,12.757080,8.099688,72.680000,3.270909,0.026325,6.470000,-6.299783,0.048348,7709.335648,4.697604,0.028251,,,,0,0
2006-05-13,335000.000000,12.721886,-3.458213,71.692500,-1.358696,0.027467,6.466667,-0.051520,0.046625,8415.034557,9.153823,0.030968,,,,0,0
2006-05-20,319000.000000,12.672946,-4.776119,69.074000,-3.652404,0.028221,5.890000,-8.917526,0.045990,8463.095153,0.571128,0.035616,,,,0,0
2006-05-27,330000.000000,12.706848,3.448276,70.350000,1.847294,0.020762,5.780000,-1.867572,0.045380,8581.483287,1.398875,0.040958,,,,0,0
2006-06-03,307000.000000,12.634603,-6.969697,71.527500,1.673774,0.021381,6.240000,7.958478,0.046635,8100.049492,-5.610147,0.044223,,,,0,0
2006-06-10,298000.000000,12.604849,-2.931596,71.540000,0.017476,0.018292,6.250000,0.160256,0.043707,7839.408156,-3.217775,0.043843,,,,0,0
2006-06-17,308000.000000,12.637855,3.355705,69.482000,-2.876712,0.017224,6.525000,4.400000,0.050881,7175.156253,-8.473240,0.047317,,,,0,0
2006-06-24,309000.000000,12.641097,0.324675,69.940000,0.659164,0.014847,6.420000,-1.609195,0.053322,7225.641966,0.703618,0.036993,,,,0,0
2006-07-01,316000.000000,12.663497,2.265372,72.805000,4.096368,0.014989,5.840000,-9.034268,0.053036,7517.533838,4.039667,0.035629,,,,0,0
2006-07-08,343000.000000,12.745486,8.544304,74.653333,2.538745,0.013779,5.440000,-6.849315,0.055926,7974.477827,6.078376,0.037616,,,,0,0
2006-07-15,318000.000000,12.669807,-7.288630,73.775000,-1.176549,0.012592,5.800000,6.617647,0.067406,8287.387165,3.923885,0.028264,,,,0,0
2006-07-22,306000.000000,12.631340,-3.773585,73.976000,0.272450,0.012671,,,,7925.608858,-4.365409,0.029669,,,,0,0
2006-07-29,311000.000000,12.647548,1.633987,73.874000,-0.137883,0.013531,7.240000,,0.074677,7764.230807,-2.036160,0.023418,,,,0,0
2006-08-05,318000.000000,12.669807,2.250804,75.204000,1.800363,0.013778,7.440000,2.762431,0.074773,7964.630537,2.581064,0.021030,,,,0,0
2006-08-12,310000.000000,12.644328,-2.515723,75.634000,0.571778,0.015830,,,,8010.707224,0.578516,0.023997,,,,0,0
2006-08-19,315000.000000,12.660328,1.612903,71.794000,-5.077082,0.014923,,,,7695.225946,-3.938245,0.021740,,,,0,0
2006-08-26,314000.000000,12.657148,-0.317460,72.120000,0.454077,0.015264,7.025000,,0.076198,7667.227514,-0.363842,0.020859,,,,0,0
2006-09-02,315000.000000,12.660328,0.318471,70.072500,-2.839018,0.014953,5.520000,-21.423488,0.093699,7590.947619,-0.994882,0.019962,,,,0,0
2006-09-09,314000.000000,12.657148,-0.317460,67.530000,-3.628385,0.012742,,,,7977.197011,5.088290,0.019238,,,,0,0
2006-09-16,324000.000000,12.688499,3.184713,63.978000,-5.259884,0.012427,4.926667,,0.096306,7458.449889,-6.502875,0.019486,,,,0,0
2006-09-23,319000.000000,12.672946,-1.543210,61.060000,-4.560943,0.011069,4.990000,1.285521,0.101243,7506.731037,0.647335,0.020490,,,,0,0
2006-09-30,309000.000000,12.641097,-3.134796,61.682500,1.019489,0.014724,,,,7610.127895,1.377389,0.019060,,,,0,0
2006-10-07,316000.000000,12.663497,2.265372,59.766000,-3.107040,0.017753,,,,7318.456574,-3.832673,0.020780,,,,0,0
2006-10-14,305000.000000,12.628067,-3.481013,58.582000,-1.981059,0.018363,4.300000,,0.105900,7474.543710,2.132788,0.018363,,,,0,0
2006-10-21,313000.000000,12.653958,2.622951,58.476000,-0.180943,0.019919,6.880000,60.000000,0.147892,7693.682824,2.931806,0.020416,,,,0,0
2006-10-28,328000.000000,12.700769,4.792332,58.880000,0.690882,0.019342,,,,7492.401099,-2.616195,0.019847,,,,0,0
2006-11-04,319000.000000,12.672946,-2.743902,58.725000,-0.263247,0.017798,7.430000,,0.148187,7278.112009,-2.860086,0.015966,,,,0,0
2006-11-11,311000.000000,12.647548,-2.507837,59.972500,2.124308,0.020198,,,,7179.565594,-1.354011,0.023338,,,,0,0
2006-11-18,326000.000000,12.694653,4.823151,57.377500,-4.326983,0.021922,,,,6757.160426,-5.883436,0.020089,,,,0,0
2006-11-25,349000.000000,12.762827,7.055215,57.236667,-0.245450,0.021961,7.420000,,0.148091,6799.782969,0.630776,0.021184,,,,0,0
2006-12-02,327000.000000,12.697715,-6.303725,62.024000,8.364102,0.024130,8.320000,12.129380,0.149174,6952.489688,2.245759,0.021470,,,,0,0
2006-12-09,311000.000000,12.647548,-4.892966,62.318000,0.474010,0.022438,7.385000,-11.237981,0.151735,6940.805207,-0.168062,0.021479,,,,0,0
2006-12-16,318000.000000,12.669807,2.250804,61.908000,-0.657916,0.019648,7.040000,-4.671632,0.150903,6736.436818,-2.944448,0.015305,,,,0,0
2006-12-23,323000.000000,12.685408,1.572327,62.400000,0.794728,0.016354,,,,6459.316196,-4.113757,0.015359,,,,0,0
2006-12-30,341000.000000,12.739638,5.572755,60.655000,-2.796474,0.010925,5.500000,,0.154514,6303.670057,-2.409638,0.013639,,,,0,0
2007-01-06,330000.000000,12.706848,-3.225806,57.755000,-4.781139,0.017032,,,,5931.089264,-5.910538,0.020097,,,,0,0
2007-01-13,296000.000000,12.598115,-10.303030,54.110000,-6.311142,0.019953,,,,5709.745270,-3.731928,0.023347,,,,0,0
2007-01-20,335000.000000,12.721886,13.175676,51.505000,-4.814267,0.022193,,,,5566.390021,-2.510712,0.023524,,,,0,0
2007-01-27,308000.000000,12.637855,-8.059701,53.566000,4.001553,0.027440,7.555000,,0.167369,5703.572361,2.464476,0.024678,,,,0,0
2007-02-03,310000.000000,12.644328,0.649351,57.890000,8.072285,0.028250,,,,5551.233122,-2.670944,0.021756,,,,0,0
2007-02-10,338000.000000,12.730801,9.032258,58.994000,1.907065,0.026053,8.160000,,0.166953,5412.342037,-2.501986,0.021358,,,,0,0
2007-02-17,321000.000000,12.679196,-5.029586,58.510000,-0.820422,0.024999,,,,5692.549219,5.177189,0.023355,,,,0,0
2007-02-24,322000.000000,12.682307,0.311526,59.570000,1.811656,0.020861,7.510000,,0.167911,5969.835412,4.871037,0.026114,,,,0,0
2007-03-03,320000.000000,12.676076,-0.621118,61.685000,3.550445,0.018770,7.220000,-3.861518,0.160391,6093.569756,2.072659,0.025116,,,,0,0
2007-03-10,308000.000000,12.637855,-3.750000,60.850000,-1.353652,0.019615,7.140000,-1.108033,0.158315,6055.429756,-0.625906,0.022737,,,,0,0
2007-03-17,309000.000000,12.641097,0.324675,57.940000,-4.782251,0.015856,,,,6386.343307,5.464741,0.022582,,,,0,0
2007-03-24,303000.000000,12.621488,-1.941748,58.264000,0.559199,0.018367,,,,6703.808494,4.971001,0.018967,,,,0,0
2007-03-31,307000.000000,12.634603,1.320132,64.180000,10.153783,0.019890,7.245000,,0.157849,6811.614483,1.608130,0.017913,,,,0,0
2007-04-07,332000.000000,12.712890,8.143322,64.820000,0.997195,0.019248,7.495000,3.450656,0.151299,7295.638729,7.105867,0.018632,,,,0,0
2007-04-14,327000.000000,12.697715,-1.506024,62.260000,-3.949398,0.020651,7.800000,4.069380,0.101611,7765.553483,6.441037,0.016198,,,,0,0
2007-04-21,321000.000000,12.679196,-1.834862,63.056000,1.278509,0.021581,7.512000,-3.692308,0.092992,7941.261682,2.262662,0.018736,,,,0,0
2007-04-28,301000.000000,12.614866,-6.230530,65.258000,3.492134,0.019526,7.482000,-0.399361,0.022505,7833.896690,-1.351989,0.020047,,,,0,0
2007-05-05,300000.000000,12.611538,-0.332226,63.822000,-2.200496,0.019141,7.678000,2.619620,0.022096,8045.981111,2.707266,0.018185,,,,0,0
2007-05-12,297000.000000,12.601487,-1.000000,61.896000,-3.017768,0.015887,7.562000,-1.510810,0.021556,8054.138244,0.101381,0.017498,,,,0,0
2007-05-19,310000.000000,12.644328,4.377104,63.608000,2.765930,0.016148,7.742000,2.380323,0.021814,7534.068446,-6.457175,0.018975,,,,0,0
2007-05-26,310000.000000,12.644328,0.000000,64.894000,2.021758,0.015560,7.560000,-2.350814,0.020544,7288.032710,-3.265642,0.023214,,,,0,0
2007-06-02,313000.000000,12.653958,0.967742,63.942500,-1.466237,0.015790,7.647500,1.157407,0.020968,7400.909325,1.548794,0.022617,,,,0,0
2007-06-09,313000.000000,12.653958,0.000000,65.896000,3.055089,0.016997,7.760000,1.471069,0.021638,7470.134474,0.935360,0.023300,,,,0,0
2007-06-16,320000.000000,12.676076,2.236422,66.624000,1.104771,0.016235,7.506000,-3.273196,0.019719,7397.382031,-0.973911,0.021970,,,,0,0
2007-06-23,313000.000000,12.653958,-2.187500,68.782000,3.239073,0.014180,7.364000,-1.891820,0.020588,7521.942969,1.683852,0.018730,,,,0,0
2007-06-30,317000.000000,12.666657,1.277955,69.134000,0.511762,0.013605,6.710000,-8.881043,0.023495,7477.850611,-0.586183,0.016963,,,,0,0
2007-07-07,321000.000000,12.679196,1.261830,71.782500,3.830966,0.013026,6.265000,-6.631893,0.022828,7891.437333,5.530824,0.016866,,,,0,0
2007-07-14,317000.000000,12.666657,-1.246106,72.792000,1.406332,0.009238,6.404000,2.218675,0.027899,7996.597628,1.332587,0.011759,,,,0,0
2007-07-21,310000.000000,12.644328,-2.208202,74.920000,2.923398,0.008906,6.370000,-0.530918,0.029108,8045.540219,0.612043,0.012358,,,,0,0
2007-07-28,305000.000000,12.628067,-1.612903,75.152000,0.309664,0.012765,5.764000,-9.513344,0.035679,7931.561426,-1.416670,0.012775,,,,0,0
2007-08-04,314000.000000,12.657148,2.950820,76.752000,2.129019,0.014982,6.296000,9.229702,0.042438,7892.539642,-0.491981,0.013853,,,,0,0
2007-08-11,316000.000000,12.663497,0.636943,71.924000,-6.290390,0.017696,6.348000,0.825921,0.040757,7586.317832,-3.879889,0.014967,,,,0,0
2007-08-18,321000.000000,12.679196,1.582278,72.050000,0.175185,0.019299,7.082000,11.562697,0.048458,7299.276403,-3.783673,0.021640,,,,0,0
2007-08-25,329000.000000,12.703813,2.492212,70.188000,-2.584316,0.017283,5.930000,-16.266591,0.052200,7149.582622,-2.050803,0.023538,,,,0,0
2007-09-01,314000.000000,12.657148,-4.559271,72.928000,3.903801,0.017103,5.514000,-7.015177,0.047848,7420.971332,3.795868,0.022720,,,,0,0
2007-09-08,321000.000000,12.679196,2.229299,75.962500,4.160953,0.013639,5.662500,2.693145,0.054890,7262.293903,-2.138230,0.023018,,,,0,0
2007-09-15,313000.000000,12.653958,-2.492212,78.946000,3.927596,0.011639,6.034000,6.560706,0.050763,7406.861736,1.990663,0.015394,,,,0,0
2007-09-22,302000.000000,12.618182,-3.514377,82.256000,4.192739,0.009541,6.206000,2.850514,0.042008,7748.798429,4.616485,0.016233,,,,0,0
2007-09-29,317000.000000,12.666657,4.966887,81.704000,-0.671076,0.013293,6.332000,2.030293,0.042049,7988.661045,3.095481,0.015447,,,,0,0
2007-10-06,316000.000000,12.663497,-0.315457,80.592000,-1.361010,0.014448,6.652000,5.053696,0.035667,8175.833278,2.342974,0.012551,,,,0,0
2007-10-13,335000.000000,12.721886,6.012658,81.456000,1.072067,0.016085,6.642500,-0.142814,0.034785,8002.550196,-2.119455,0.013110,,,,0,0
2007-10-20,334000.000000,12.718896,-0.298507,87.804000,7.793164,0.017409,7.104000,6.947685,0.039814,7915.908602,-1.082675,0.011803,,,,0,0
2007-10-27,328000.000000,12.700769,-1.796407,89.234000,1.628627,0.017927,6.392000,-10.022523,0.042629,7691.257813,-2.837966,0.013141,,,,0,0
2007-11-03,327000.000000,12.697715,-0.304878,93.456000,4.731380,0.021297,6.930000,8.416771,0.042190,7552.587173,-1.802964,0.013749,,,,0,0
2007-11-10,333000.000000,12.715898,1.834862,95.808000,2.516692,0.021196,6.946000,0.230880,0.048476,7150.464406,-5.324305,0.012964,,,,0,0
2007-11-17,332000.000000,12.712890,-0.300300,93.556000,-2.350534,0.023230,7.194000,3.570400,0.044903,6943.009773,-2.901275,0.025482,,,,0,0
2007-11-24,352000.000000,12.771386,6.024096,97.930000,4.675275,0.021922,6.882500,-4.329997,0.043868,6546.619102,-5.709205,0.030685,,,,0,0
2007-12-01,344000.000000,12.748397,-2.272727,92.468000,-5.577453,0.022240,7.440000,8.100254,0.049287,6701.603824,2.367401,0.032057,,,,0,0
2007-12-08,332000.000000,12.712890,-3.488372,88.706000,-4.068434,0.022070,7.122000,-4.274194,0.043239,6696.753801,-0.072371,0.032838,,,,0,0
2007-12-15,350000.000000,12.765688,5.421687,91.182000,2.791243,0.023384,7.174000,0.730132,0.042445,6618.489787,-1.168686,0.025478,,,,0,0
2007-12-22,355000.000000,12.779873,1.428571,91.160000,-0.024128,0.022473,7.124000,-0.696961,0.038236,6499.440000,-1.798745,0.020748,,,,0,0
2007-12-29,360000.000000,12.793859,1.408451,95.637500,4.911694,0.019699,6.970000,-2.161707,0.028323,6869.871470,5.699437,0.020351,,,,0,0
2008-01-05,346000.000000,12.754194,-3.888889,98.165000,2.642792,0.019887,7.572500,8.644189,0.033247,6831.841772,-0.553572,0.019510,,,,1,0
2008-01-12,322000.000000,12.682307,-6.936416,94.762000,-3.466612,0.016725,7.836000,3.479696,0.032133,7146.275616,4.602476,0.020860,,,,1,0
2008-01-19,321000.000000,12.679196,-0.310559,91.512000,-3.429645,0.017081,8.326000,6.253190,0.031623,7096.010349,-0.703377,0.020543,,,,1,0
2008-01-26,366000.000000,12.810389,14.018692,89.410000,-2.296967,0.017129,7.865000,-5.536872,0.034214,6940.970437,-2.184888,0.021672,,,,1,0
2008-02-02,350000.000000,12.765688,-4.371585,91.138000,1.932670,0.015705,8.024000,2.021615,0.026188,7159.282983,3.145274,0.021660,,,,1,0
2008-02-09,344000.000000,12.748397,-1.714286,89.078000,-2.260309,0.017949,7.870000,-1.919242,0.025689,7399.366045,3.353451,0.023451,,,,1,0
2008-02-16,339000.000000,12.733755,-1.453488,94.130000,5.671434,0.017320,8.466000,7.573062,0.025180,7779.222082,5.133629,0.021945,,,,1,0
2008-02-23,354000.000000,12.777052,4.424779,99.612500,5.824392,0.018867,8.885000,4.949209,0.021828,8282.757141,6.472820,0.021796,,,,1,0
2008-03-01,345000.000000,12.751300,-2.542373,100.840000,1.232275,0.020223,9.156000,3.050084,0.024136,8411.947997,1.559757,0.020273,,,,1,0
2008-03-08,348000.000000,12.759958,0.869565,103.444000,2.582309,0.020663,9.434000,3.036260,0.020133,8639.464795,2.704686,0.020332,,,,1,0
2008-03-15,369000.000000,12.818552,6.034483,109.346000,5.705502,0.018993,9.742000,3.264787,0.021172,8441.930864,-2.286414,0.021319,,,,1,0
2008-03-22,368000.000000,12.815838,-0.271003,105.282500,-3.716185,0.024668,9.085000,-6.743995,0.028288,8131.189595,-3.680926,0.019859,,,,1,0
2008-03-29,387000.000000,12.866180,5.163043,104.492000,-0.750837,0.025670,9.236000,1.662080,0.027954,8318.031264,2.297839,0.022110,,,,1,0
2008-04-05,354000.000000,12.777052,-8.527132,103.460000,-0.987635,0.026166,9.684000,4.850585,0.030863,8589.419974,3.262656,0.018751,,,,1,0
2008-04-12,365000.000000,12.807653,3.107345,109.710000,6.040982,0.026510,9.878000,2.003304,0.031315,8756.750489,1.948100,0.019394,,,,1,0
2008-04-19,349000.000000,12.762827,-4.383562,114.328000,4.209279,0.019138,10.130000,2.551124,0.023420,8671.652332,-0.971801,0.016668,,,,1,0
2008-04-26,370000.000000,12.821258,6.017192,118.534000,3.678889,0.017567,10.538000,4.027641,0.023031,8688.407386,0.193216,0.015877,,,,1,0
2008-05-03,370000.000000,12.821258,0.000000,115.422000,-2.625407,0.016102,10.746000,1.973809,0.019200,8554.366534,-1.542755,0.021649,,,,1,0
2008-05-10,366000.000000,12.810389,-1.081081,123.006000,6.570671,0.016070,11.112000,3.405918,0.019771,8522.178892,-0.376271,0.021592,,,,1,0
2008-05-17,367000.000000,12.813117,0.273224,124.962000,1.590166,0.017105,11.360000,2.231821,0.020598,8317.369821,-2.403248,0.021820,,,,1,0
2008-05-24,369000.000000,12.818552,0.544959,130.138000,4.142059,0.018060,11.314000,-0.404930,0.020506,8296.866974,-0.246506,0.020406,,,,1,0
2008-05-31,362000.000000,12.799399,-1.897019,128.465000,-1.285558,0.018671,11.672500,3.168641,0.022596,8083.514727,-2.571480,0.018753,,,,1,0
2008-06-07,382000.000000,12.853176,5.524862,128.164000,-0.234305,0.026814,12.288000,5.273078,0.022149,7903.562679,-2.226161,0.015203,,,,1,0
2008-06-14,378000.000000,12.842649,-1.047120,134.800000,5.177741,0.029137,12.588000,2.441406,0.021169,7879.532381,-0.304044,0.015023,,,,1,0
2008-06-21,381000.000000,12.850555,0.793651,134.342000,-0.339763,0.029425,12.876000,2.287893,0.019402,8242.192366,4.602557,0.016082,,,,1,0
2008-06-28,392000.000000,12.879017,2.887139,136.998000,1.977044,0.028923,12.888000,0.093197,0.017216,8421.868804,2.179959,0.012236,,,,1,0
2008-07-05,371000.000000,12.823957,-5.357143,142.517500,4.028891,0.026163,13.195000,2.382061,0.014241,8740.491438,3.783277,0.015722,,,,1,0
2008-07-12,385000.000000,12.860999,3.773585,139.950000,-1.801533,0.021679,12.302000,-6.767715,0.019020,8298.851199,-5.052808,0.018837,,,,1,0
2008-07-19,402000.000000,12.904207,4.415584,135.368000,-3.274026,0.024904,11.298000,-8.161275,0.029829,8196.777122,-1.229978,0.017962,,,,1,0
2008-07-26,434000.000000,12.980800,7.960199,125.924000,-6.976538,0.024368,9.932000,-12.090636,0.030483,8176.053830,-0.252822,0.017814,,,,1,0
2008-08-02,448000.000000,13.012549,3.225806,124.574000,-1.072075,0.026023,9.150000,-7.873540,0.028980,8120.717884,-0.676805,0.014147,,,,1,0
2008-08-09,430000.000000,12.971540,-4.017857,118.798000,-4.636602,0.022766,8.710000,-4.808743,0.032009,7612.993798,-6.252207,0.012953,,,,1,0
2008-08-16,424000.000000,12.957489,-1.395349,114.402000,-3.700399,0.020756,8.098000,-7.026406,0.024839,7331.022838,-3.703812,0.017524,,,,1,0
2008-08-23,421000.000000,12.950388,-0.707547,115.700000,1.134596,0.025313,7.902000,-2.420351,0.025403,7620.048702,3.942504,0.021592,,,,1,0
2008-08-30,442000.000000,12.999065,4.988124,116.092000,0.338807,0.023517,8.158000,3.239686,0.032776,7655.102037,0.460015,0.021607,,,,1,0
2008-09-06,441000.000000,12.996800,-0.226244,108.367500,-6.653775,0.024895,7.535000,-7.636676,0.040983,7218.477102,-5.703711,0.024245,,,,1,0
2008-09-13,449000.000000,13.014778,1.814059,102.876000,-5.067479,0.023562,7.692000,2.083610,0.043926,6909.720111,-4.277315,0.021394,,,,1,0
2008-09-20,483000.000000,13.087772,7.572383,97.190000,-5.527042,0.032997,7.910000,2.834113,0.047329,6899.799199,-0.143579,0.019166,,,,1,0
2008-09-27,483000.000000,13.087772,0.000000,111.122000,14.334808,0.058305,7.740000,-2.149178,0.046111,6957.560261,0.837141,0.020970,,,,1,0
2008-10-04,482000.000000,13.085699,-0.207039,96.594000,-13.073919,0.063399,7.302000,-5.658915,0.041153,6155.298952,-11.530785,0.023872,,,,1,0
2008-10-11,461000.000000,13.041153,-4.356846,86.242000,-10.717022,0.068864,6.680000,-8.518214,0.036895,5289.103881,-14.072348,0.039069,,,,1,0
2008-10-18,478000.000000,13.077366,3.687636,75.190000,-12.815102,0.066796,6.682000,0.029940,0.031568,4956.426656,-6.289860,0.049409,,,,1,0
2008-10-25,480000.000000,13.081541,0.418410,68.560000,-8.817662,0.046200,6.748000,0.987728,0.032353,4165.629433,-15.954987,0.050678,,,,1,0
2008-11-01,490000.000000,13.102161,2.083333,65.212000,-4.883314,0.046602,6.436000,-4.623592,0.033993,4158.574740,-0.169355,0.065204,,,,1,0
2008-11-08,512000.000000,13.146080,4.489796,64.306000,-1.389315,0.051390,6.764000,5.096333,0.038904,3976.032136,-4.389547,0.061280,,,,1,0
2008-11-15,536000.000000,13.191889,4.687500,58.602000,-8.870090,0.049865,6.676000,-1.301005,0.044708,3683.920081,-7.346823,0.056598,,,,1,0
2008-11-22,532000.000000,13.184399,-0.746269,52.256000,-10.828982,0.049907,6.674000,-0.029958,0.041190,3544.367553,-3.788153,0.051449,,,,1,0
2008-11-29,529000.000000,13.178744,-0.563910,53.265000,1.930879,0.056908,6.605000,-1.033863,0.042593,3639.552047,2.685514,0.037273,,,,1,0
2008-12-06,570000.000000,13.253392,7.750473,45.598000,-14.394067,0.053074,6.436000,-2.558668,0.039974,3316.850807,-8.866510,0.033644,,,,1,0
2008-12-13,566000.000000,13.246349,-0.701754,44.566000,-2.263257,0.060100,5.678000,-11.777502,0.034918,3201.549180,-3.476238,0.040579,,,,1,0
2008-12-20,587000.000000,13.282780,3.710247,39.704000,-10.909662,0.065170,5.716000,0.669250,0.034318,2936.994770,-8.263325,0.039885,,,,1,0
2008-12-27,533000.000000,13.186277,-9.199319,32.975000,-16.947915,0.069623,5.410000,-5.353394,0.032534,2806.481264,-4.443777,0.038092,,,,1,0
2009-01-03,503000.000000,13.128345,-5.628518,42.402500,28.589841,0.075115,5.640000,4.251386,0.035829,2999.936708,6.893167,0.042823,,,,1,0
2009-01-10,551000.000000,13.219490,9.542744,44.458000,4.847592,0.076857,5.876000,4.184397,0.038189,3311.780233,10.395003,0.039361,,,,1,0
2009-01-17,591000.000000,13.289571,7.259528,36.728000,-17.387197,0.072515,5.424000,-7.692308,0.037372,3277.167685,-1.045134,0.041832,,,,1,0
2009-01-24,586000.000000,13.281075,-0.846024,42.145000,14.748965,0.069105,4.800000,-11.504425,0.037387,3167.763397,-3.338379,0.041180,,,,1,0
2009-01-31,629000.000000,13.351887,7.337884,42.704000,1.326373,0.058346,4.740000,-1.250000,0.035377,3278.049521,3.481514,0.045268,,,,1,0
2009-02-07,637000.000000,13.364525,1.271860,40.776000,-4.514800,0.048945,4.808000,1.434599,0.040973,3341.762942,1.943638,0.045714,,,,1,0
2009-02-14,632000.000000,13.356645,-0.784929,36.942000,-9.402590,0.053151,4.722000,-1.788686,0.039243,3428.184142,2.586096,0.041316,,,,1,0
2009-02-21,655000.000000,13.392391,3.639241,37.145000,0.549510,0.056018,4.342500,-8.036849,0.041216,3161.425179,-7.781349,0.042754,,,,1,0
2009-02-28,652000.000000,13.387800,-0.458015,40.335000,8.587966,0.052199,4.180000,-3.742084,0.039988,3320.819098,5.041837,0.035857,,,,1,0
2009-03-07,660000.000000,13.399995,1.226994,43.178000,7.048469,0.059865,4.234000,1.291866,0.034041,3578.318763,7.754101,0.037097,,,,1,0
2009-03-14,651000.000000,13.386265,-1.363636,45.656000,5.739034,0.063733,3.886000,-8.219178,0.032232,3613.813095,0.991928,0.034117,,,,1,0
2009-03-21,661000.000000,13.401509,1.536098,49.486000,8.388821,0.049831,3.796000,-2.316006,0.035602,3858.746391,6.777697,0.029640,,,,1,0
2009-03-28,665000.000000,13.407542,0.605144,52.986000,7.072707,0.047430,4.064000,7.060063,0.042351,4017.038092,4.102154,0.029195,,,,1,0
2009-04-04,653000.000000,13.389332,-1.804511,50.344000,-4.986223,0.045829,3.624000,-10.826772,0.036037,4115.143720,2.442238,0.029313,,,,1,0
2009-04-11,599000.000000,13.303017,-8.269525,50.460000,0.230415,0.038813,3.607500,-0.455298,0.037966,4419.160794,7.387763,0.026963,,,,1,0
2009-04-18,639000.000000,13.367660,6.677796,49.864000,-1.181134,0.035890,3.532000,-2.092862,0.039371,4779.175230,8.146670,0.024807,,,,1,0
2009-04-25,620000.000000,13.337475,-2.973396,47.798000,-4.143270,0.042300,3.446000,-2.434881,0.034250,4584.727858,-4.068639,0.028035,,,,1,0
2009-05-02,602000.000000,13.308013,-2.903226,50.204000,5.033683,0.034127,3.292000,-4.468950,0.030188,4445.616222,-3.034240,0.030322,,,,1,0
2009-05-09,625000.000000,13.345507,3.820598,55.960000,11.465222,0.033314,3.776000,14.702309,0.037091,4731.334974,6.426977,0.029465,,,,1,0
2009-05-16,620000.000000,13.337475,-0.800000,57.940000,3.538242,0.033318,4.244000,12.394068,0.039955,4534.241935,-4.165696,0.027967,,,,1,0
2009-05-23,606000.000000,13.314635,-2.258065,60.320000,4.107698,0.024424,3.788000,-10.744581,0.046811,4590.018773,1.230125,0.026950,,,,1,0
2009-05-30,607000.000000,13.316284,0.165017,64.322500,6.635444,0.022569,3.577500,-5.557022,0.048707,4738.279471,3.230067,0.021888,,,,1,0
2009-06-06,596000.000000,13.297996,-1.812191,68.108000,5.885188,0.023426,3.762000,5.157233,0.049273,5030.722327,6.171921,0.024081,,,,1,0
2009-06-13,595000.000000,13.296317,-0.167785,70.854000,4.031832,0.022671,3.534000,-6.060606,0.043629,5190.116364,3.168413,0.026282,,,,1,0
2009-06-20,608000.000000,13.317930,2.184874,70.620000,-0.330257,0.020195,4.036000,14.204867,0.052085,4983.764065,-3.975870,0.027076,,,,1,0
2009-06-27,594000.000000,13.294635,-2.302632,68.580000,-2.888700,0.022332,3.870000,-4.112983,0.040459,4929.750795,-1.083785,0.030179,,,,1,0
2009-07-04,573000.000000,13.258641,-3.535354,69.322500,1.082677,0.021385,3.680000,-4.909561,0.036423,5057.122656,2.583738,0.025922,,,,0,0
2009-07-11,546000.000000,13.210374,-4.712042,61.476000,-11.318836,0.022107,3.272000,-11.086957,0.042191,4867.580497,-3.748024,0.024545,,,,0,0
2009-07-18,560000.000000,13.235692,2.564103,61.286000,-0.309064,0.024535,3.286000,0.427873,0.034223,5149.771903,5.797365,0.025472,,,,0,0
2009-07-25,587000.000000,13.282780,4.821429,65.392500,6.700552,0.023163,3.502500,6.588558,0.040303,5492.810722,6.661243,0.020732,,,,0,0
2009-08-01,555000.000000,13.226723,-5.451448,67.032000,2.507168,0.029124,3.408000,-2.698073,0.039891,5599.955162,1.950630,0.021090,,,,0,0
2009-08-08,555000.000000,13.226723,0.000000,71.578000,6.781836,0.023753,3.584000,5.164319,0.038385,6109.442920,9.098069,0.018649,,,,0,0
2009-08-15,562000.000000,13.239257,1.261261,69.642000,-2.704742,0.026106,3.394000,-5.301339,0.037877,6201.596085,1.508373,0.020449,,,,0,0
2009-08-22,560000.000000,13.235692,-0.355872,70.800000,1.662790,0.028373,3.014000,-11.196229,0.033475,6129.504875,-1.162462,0.023123,,,,0,0
2009-08-29,564000.000000,13.242810,0.714286,72.374000,2.223164,0.021206,2.716000,-9.887193,0.040500,6345.778295,3.528400,0.022492,,,,0,0
2009-09-05,558000.000000,13.232114,-1.063830,68.392000,-5.501976,0.022277,2.184000,-19.587629,0.040867,6214.382795,-2.070597,0.021907,,,,0,0
2009-09-12,542000.000000,13.203021,-2.867384,70.910000,3.681717,0.025733,2.692500,23.282967,0.089551,6353.439215,2.237655,0.021069,,,,0,0
2009-09-19,536000.000000,13.191889,-1.107011,71.320000,0.578198,0.020999,3.208000,19.145775,0.096681,6255.388804,-1.543265,0.023261,,,,0,0
2009-09-26,554000.000000,13.224920,3.358209,68.326000,-4.197981,0.024969,3.464000,7.980050,0.093201,6116.497719,-2.220343,0.022214,,,,0,0
2009-10-03,533000.000000,13.186277,-3.790614,68.836000,0.746422,0.026735,3.064000,-11.547344,0.106729,6011.998736,-1.708477,0.022015,,,,0,0
2009-10-10,511000.000000,13.144125,-4.127580,70.802000,2.856064,0.024365,3.596000,17.362924,0.102821,6163.897082,2.526586,0.023824,,,,0,0
2009-10-17,531000.000000,13.182517,3.913894,75.726000,6.954606,0.024494,3.926000,9.176863,0.096873,6243.042986,1.284024,0.021181,,,,0,0
2009-10-24,530000.000000,13.180632,-0.188324,80.060000,5.723265,0.017393,4.696000,19.612837,0.099429,6577.483673,5.357014,0.021884,,,,0,0
2009-10-31,522000.000000,13.165423,-1.509434,78.466000,-1.991007,0.019227,4.370000,-6.942078,0.081190,6558.964946,-0.281547,0.021820,,,,0,0
2009-11-07,512000.000000,13.146080,-1.915709,79.000000,0.680550,0.019892,4.278000,-2.105263,0.051640,6510.463247,-0.739472,0.019063,,,,0,0
2009-11-14,507000.000000,13.136266,-0.976562,78.240000,-0.962025,0.019639,3.376000,-21.084619,0.078322,6522.147727,0.179472,0.017954,,,,0,0
2009-11-21,482000.000000,13.085699,-4.930966,78.368000,0.163599,0.020746,3.304000,-2.132701,0.103823,6832.117540,4.752573,0.016063,,,,0,0
2009-11-28,475000.000000,13.071070,-1.452282,76.142500,-2.839807,0.020183,3.515000,6.386199,0.113829,6892.193207,0.879313,0.014617,,,,0,0
2009-12-05,497000.000000,13.116345,4.631579,76.806000,0.871392,0.019133,4.496000,27.908962,0.132040,7062.059244,2.464615,0.013593,,,,0,0
2009-12-12,498000.000000,13.118355,0.201207,71.510000,-6.895295,0.017806,5.076000,12.900356,0.127770,6883.705378,-2.525522,0.014950,,,,0,0
2009-12-19,479000.000000,13.079456,-3.815261,71.724000,0.299259,0.017147,5.606000,10.441292,0.092943,6908.617881,0.361905,0.013359,,,,0,0
2009-12-26,468000.000000,13.056224,-2.296451,74.762500,4.236378,0.017283,5.662500,1.007849,0.069632,7008.486893,1.445572,0.014623,,,,0,0
2010-01-02,456000.000000,13.030248,-2.564103,79.070000,5.761578,0.016072,5.880000,3.841060,0.031898,7311.346690,4.321329,0.012895,,,,0,0
2010-01-09,469000.000000,13.058358,2.850877,82.344000,4.140635,0.012827,6.564000,11.632653,0.054018,7522.604307,2.889449,0.013820,,,,0,0
2010-01-16,507000.000000,13.136266,8.102345,80.060000,-2.773730,0.014370,5.676000,-13.528336,0.061153,7444.781290,-1.034522,0.015260,,,,0,0
2010-01-23,471000.000000,13.062613,-7.100592,76.622500,-4.293655,0.016756,5.560000,-2.043693,0.060279,7389.059563,-0.748467,0.017112,,,,0,0
2010-01-30,496000.000000,13.114331,5.307856,73.936000,-3.506150,0.013547,5.474000,-1.546763,0.059562,7082.782642,-4.145005,0.019741,,,,0,0
2010-02-06,466000.000000,13.051941,-6.048387,74.572000,0.860203,0.019048,5.472000,-0.036536,0.045218,6552.571591,-7.485914,0.020011,,,,0,0
2010-02-13,489000.000000,13.100118,4.935622,73.880000,-0.927962,0.020858,5.552000,1.461988,0.020513,6652.440787,1.524122,0.024172,,,,0,0
2010-02-20,500000.000000,13.122363,2.249489,78.247500,5.911613,0.021885,5.405000,-2.647695,0.025230,7219.579464,8.525272,0.025646,,,,0,0
2010-02-27,488000.000000,13.098071,-2.400000,79.222000,1.245407,0.022603,4.868000,-9.935245,0.023364,7150.464616,-0.957325,0.023704,,,,0,0
2010-03-06,472000.000000,13.064734,-3.278689,80.190000,1.221883,0.017440,4.742000,-2.588332,0.023645,7456.245219,4.276374,0.020293,,,,0,0
2010-03-13,478000.000000,13.077366,1.271186,81.756000,1.952862,0.015489,4.448000,-6.199916,0.021126,7445.001736,-0.150793,0.017596,,,,0,0
2010-03-20,472000.000000,13.064734,-1.255230,81.442000,-0.384070,0.014839,4.228000,-4.946043,0.018537,7418.987318,-0.349421,0.014738,,,,0,0
2010-03-27,459000.000000,13.036805,-2.754237,80.646000,-0.977383,0.012767,4.010000,-5.156102,0.018810,7426.262352,0.098060,0.011464,,,,0,0
2010-04-03,479000.000000,13.079456,4.357298,83.010000,2.931330,0.013523,3.817500,-4.800499,0.023043,7830.534652,5.443819,0.012543,,,,0,0
2010-04-10,479000.000000,13.079456,0.000000,85.662000,3.194796,0.014281,3.998000,4.728225,0.030408,7933.545545,1.315503,0.012345,,,,0,0
2010-04-17,469000.000000,13.058358,-2.087683,84.342000,-1.540940,0.014253,4.058000,1.500750,0.033788,7878.650386,-0.691937,0.012352,,,,0,0
2010-04-24,449000.000000,13.014778,-4.264392,82.902000,-1.707334,0.014339,3.986000,-1.774273,0.033305,7731.822719,-1.863614,0.012480,,,,0,0
2010-05-01,451000.000000,13.019223,0.445434,84.218000,1.587416,0.014551,4.156000,4.264927,0.034477,7464.402457,-3.458696,0.013473,,,,0,0
2010-05-08,451000.000000,13.019223,0.000000,80.240000,-4.723456,0.019898,3.940000,-5.197305,0.028983,6973.433531,-6.577471,0.015176,,,,0,0
2010-05-15,474000.000000,13.068963,5.099778,74.980000,-6.555334,0.020902,4.188000,6.294416,0.025655,7022.817014,0.708166,0.017402,,,,0,0
2010-05-22,463000.000000,13.045482,-2.320675,69.136000,-7.794078,0.019650,4.256000,1.623687,0.027357,6562.051506,-6.560978,0.025892,,,,0,0
2010-05-29,458000.000000,13.034624,-1.079914,70.618000,2.143601,0.033717,4.176000,-1.879699,0.020473,6829.912659,4.081973,0.027198,,,,0,0
2010-06-05,459000.000000,13.036805,0.218341,72.907500,3.242091,0.033351,4.442500,6.381705,0.021298,6524.021676,-4.478695,0.028318,,,,0,0
2010-06-12,467000.000000,13.054085,1.742919,73.436000,0.724891,0.033692,4.734000,6.561621,0.022860,6229.815173,-4.509588,0.028473,,,,0,0
2010-06-19,452000.000000,13.021437,-3.211991,76.700000,4.444687,0.031846,5.098000,7.689058,0.021550,6512.447472,4.536769,0.023932,,,,0,0
2010-06-26,464000.000000,13.047640,2.654867,77.060000,0.469361,0.019338,4.928000,-3.334641,0.026026,6596.002506,1.283005,0.021968,,,,0,0
2010-07-03,454000.000000,13.025852,-2.155172,74.958000,-2.727745,0.018837,4.664000,-5.357143,0.027736,6476.732693,-1.808214,0.021995,,,,0,0
2010-07-10,439000.000000,12.992255,-3.303965,74.387500,-0.761093,0.018608,4.645000,-0.407376,0.029209,6623.229744,2.261897,0.021465,,,,0,0
2010-07-17,462000.000000,13.043320,5.239180,76.348000,2.635523,0.018175,4.476000,-3.638321,0.028607,6586.743247,-0.550887,0.020246,,,,0,0
2010-07-24,465000.000000,13.049793,0.649351,77.562000,1.590087,0.019723,4.642000,3.708668,0.027164,6773.694824,2.838301,0.020428,,,,0,0
2010-07-31,476000.000000,13.073173,2.365591,78.120000,0.719424,0.015561,4.746000,2.240414,0.025101,7170.526466,5.858422,0.013420,,,,0,0
2010-08-07,483000.000000,13.087772,1.470588,81.786000,4.692780,0.015860,4.800000,1.137800,0.021098,7420.971438,3.492700,0.014732,,,,0,0
2010-08-14,486000.000000,13.093964,0.621118,78.172000,-4.418849,0.017477,4.420000,-7.916667,0.018846,7252.318037,-2.272659,0.013824,,,,0,0
2010-08-21,464000.000000,13.047640,-4.526749,74.844000,-4.257279,0.015204,4.296000,-2.805430,0.018509,7306.992540,0.753890,0.011998,,,,0,0
2010-08-28,467000.000000,13.054085,0.646552,72.910000,-2.584041,0.016832,3.956000,-7.914339,0.018339,7236.224321,-0.968500,0.013965,,,,0,0
2010-09-04,452000.000000,13.021437,-3.211991,74.020000,1.522425,0.018076,3.756000,-5.055612,0.014827,7594.474966,4.950795,0.014607,,,,0,0
2010-09-11,444000.000000,13.003580,-1.769912,74.820000,1.080789,0.016941,3.802500,1.238019,0.014975,7597.396165,0.038465,0.014624,,,,0,0
2010-09-18,459000.000000,13.036805,3.378378,75.616000,1.063887,0.017651,4.014000,5.562130,0.018132,7665.684182,0.898834,0.014475,,,,0,0
2010-09-25,459000.000000,13.036805,0.000000,73.756000,-2.459797,0.017694,4.006000,-0.199302,0.017383,7816.480298,1.967158,0.013105,,,,0,0
2010-10-02,446000.000000,13.008074,-2.832244,78.406000,6.304572,0.015939,3.786000,-5.491762,0.021713,8030.769284,2.741502,0.010370,,,,0,0
2010-10-09,459000.000000,13.036805,2.914798,82.294000,4.958804,0.016130,3.522000,-6.973059,0.028031,8184.651855,1.916162,0.011526,,,,0,0
2010-10-16,444000.000000,13.003580,-3.267974,82.164000,-0.157970,0.015766,3.492000,-0.851789,0.029289,8385.492582,2.453870,0.010756,147.394997,,,0,0
2010-10-23,432000.000000,12.976181,-2.702703,81.148000,-1.236551,0.020003,3.366000,-3.608247,0.033817,8360.360159,-0.299713,0.011402,142.816000,-3.106616,,0,0
2010-10-30,453000.000000,13.023647,4.861111,82.030000,1.086903,0.017837,3.310000,-1.663696,0.033339,8382.185787,0.261061,0.013230,145.226001,1.687486,0.013690,0,0
2010-11-06,434000.000000,12.980800,-4.194260,84.928000,3.532854,0.017658,3.394000,2.537764,0.035660,8484.259653,1.217748,0.013741,153.250000,5.525181,0.016258,0,0
2010-11-13,432000.000000,12.976181,-0.460829,86.908000,2.331387,0.018429,3.696000,8.898055,0.044968,8758.735028,3.235113,0.017181,159.150000,3.849918,0.016808,0,0
2010-11-20,407000.000000,12.916568,-5.787037,82.234000,-5.378101,0.015241,3.734000,1.028139,0.041060,8394.751946,-4.155658,0.020994,158.450000,-0.439837,0.016440,0,0
2010-11-27,432000.000000,12.976181,6.142506,82.277500,0.052898,0.016444,3.897500,4.378682,0.043392,8243.625344,-1.800251,0.021012,160.875000,1.530451,0.016256,0,0
2010-12-04,428000.000000,12.966878,-0.925926,86.752000,5.438303,0.017951,4.200000,7.761386,0.040880,8597.577003,4.293641,0.020385,164.576001,2.300545,0.014755,0,0
2010-12-11,425000.000000,12.959844,-0.700935,88.496000,2.010328,0.018046,4.462000,6.238095,0.033919,8963.544205,4.256632,0.019360,169.006000,2.691765,0.012431,0,0
2010-12-18,424000.000000,12.957489,-0.235294,88.268000,-0.257639,0.013090,4.260000,-4.527118,0.034890,9167.250835,2.272613,0.012957,169.200000,0.114789,0.009265,0,0
2010-12-25,404000.000000,12.909170,-4.716981,89.662500,1.579848,0.011382,4.090000,-3.990610,0.032714,9365.225817,2.159589,0.010992,168.875000,-0.192080,0.009222,0,0
2011-01-01,413000.000000,12.931203,2.227723,90.966000,1.453785,0.008133,4.156000,1.613692,0.028138,9569.814494,2.184557,0.009585,168.762000,-0.066914,0.003520,0,0
2011-01-08,434000.000000,12.980800,5.084746,89.544000,-1.563221,0.010877,4.516000,8.662175,0.030752,9616.552625,0.488391,0.012370,172.714001,2.341761,0.005119,0,0
2011-01-15,421000.000000,12.950388,-2.995392,91.024000,1.652819,0.011680,4.464000,-1.151461,0.027356,9597.151903,-0.201743,0.011764,176.000000,1.902566,0.006528,0,0
2011-01-22,446000.000000,13.008074,5.938242,89.752500,-1.396884,0.013014,4.572500,2.430556,0.023560,9557.578899,-0.412341,0.012841,178.625000,1.491477,0.006829,0,0
2011-01-29,420000.000000,12.948010,-5.829596,86.114000,-4.053926,0.017616,4.452000,-2.635320,0.028359,9487.581926,-0.732371,0.014810,179.200000,0.321903,0.006820,0,0
2011-02-05,402000.000000,12.904207,-4.285714,89.520000,3.955222,0.017851,4.512000,1.347709,0.027460,9978.551063,5.174861,0.013887,182.726001,1.967634,0.006484,0,0
2011-02-12,425000.000000,12.959844,5.721393,85.514000,-4.474978,0.017091,4.170000,-7.579787,0.028580,10019.116074,0.406522,0.012736,186.350000,1.983297,0.006780,0,0
2011-02-19,394000.000000,12.884106,-7.294118,84.134000,-1.613771,0.017004,3.896000,-6.570743,0.024939,9955.622994,-0.633719,0.013071,188.026001,0.899383,0.005514,0,0
2011-02-26,385000.000000,12.860999,-2.284264,95.260000,13.224142,0.025308,3.840000,-1.437372,0.022843,9579.900504,-3.773973,0.014488,187.570000,-0.242520,0.005525,0,0
2011-03-05,414000.000000,12.933621,7.532468,101.052000,6.080202,0.023720,3.820000,-0.520833,0.018850,9874.713523,3.077412,0.013135,176.019998,-6.157702,0.018027,0,0
2011-03-12,404000.000000,12.909170,-2.415459,103.738000,2.658037,0.023434,3.804000,-0.418848,0.018226,9355.084722,-5.262216,0.016211,168.720001,-4.147254,0.018086,0,0
2011-03-19,407000.000000,12.916568,0.742574,99.790000,-3.805741,0.025867,3.880000,1.997897,0.020024,9325.983534,-0.311073,0.017510,166.468002,-1.334755,0.019539,0,0
2011-03-26,399000.000000,12.896717,-1.965602,104.406000,4.625714,0.017459,4.193333,8.075601,0.023702,9620.961756,3.162972,0.015919,169.610001,1.887449,0.019626,0,0
2011-04-02,395000.000000,12.886641,-1.002506,105.470000,1.019099,0.016755,4.290000,2.305246,0.023976,9477.881881,-1.487168,0.016695,170.776001,0.687460,0.011820,0,0
2011-04-09,416000.000000,12.938441,5.316456,108.540000,2.910780,0.016048,4.126667,-3.807304,0.023818,9599.797256,1.286315,0.014634,176.462000,3.329507,0.010310,0,0
2011-04-16,402000.000000,12.904207,-3.365385,108.423333,-0.107487,0.017061,4.120000,-0.161551,0.022681,9546.886216,-0.551168,0.013627,179.365997,1.645679,0.009673,0,0
2011-04-23,422000.000000,12.952761,4.975124,106.700000,-1.589449,0.015057,4.280000,3.883495,0.021254,9454.237074,-0.970465,0.014092,179.365002,-0.000555,0.009607,0,0
2011-04-30,468000.000000,13.056224,10.900474,112.022500,4.988285,0.016148,4.355000,1.752336,0.017652,9373.382898,-0.855216,0.015339,179.292001,-0.040699,0.007907,0,0
2011-05-07,435000.000000,12.983101,-7.051282,111.815000,-0.185231,0.016685,4.504000,3.421355,0.022030,9035.414548,-3.605618,0.016654,172.716000,-3.667760,0.013825,0,0
2011-05-14,414000.000000,12.933621,-4.827586,100.635000,-9.998658,0.025868,4.178000,-7.238011,0.022264,8761.600827,-3.030450,0.017465,169.800000,-1.688321,0.015316,0,0
2011-05-21,423000.000000,12.955127,2.173913,97.960000,-2.658121,0.027200,4.152000,-0.622307,0.023326,8924.081318,1.854461,0.017611,166.496002,-1.945817,0.015527,0,0
2011-05-28,418000.000000,12.943237,-1.182033,97.060000,-0.918742,0.026998,4.346000,4.672447,0.026080,8990.881298,0.748536,0.018660,165.226001,-0.762782,0.016154,0,0
2011-06-04,423000.000000,12.955127,1.196172,101.093333,4.155505,0.030383,4.652500,7.052462,0.026983,9086.892742,1.067876,0.016044,167.970001,1.660756,0.011369,0,0
2011-06-11,413000.000000,12.931203,-2.364066,100.035000,-1.046887,0.030205,4.826000,3.729178,0.023702,9057.460727,-0.323895,0.014060,172.314001,2.586176,0.008906,0,0
2011-06-18,416000.000000,12.938441,0.726392,97.200000,-2.834008,0.030418,4.552500,-5.667219,0.026588,9050.626375,-0.075455,0.014290,169.424002,-1.677170,0.009275,0,0
2011-06-25,421000.000000,12.950388,1.201923,92.200000,-5.144033,0.030511,4.366667,-4.082006,0.024360,8992.203869,-0.645508,0.011356,164.903998,-2.667865,0.009335,0,0
2011-07-02,418000.000000,12.943237,-0.712589,94.336667,2.317426,0.029652,4.330000,-0.839695,0.024928,9222.807017,2.564479,0.012300,164.242001,-0.401444,0.008108,0,0
2011-07-09,408000.000000,12.919022,-2.392344,97.450000,3.300237,0.031698,4.260000,-1.616628,0.020903,9645.212763,4.580013,0.013289,169.712502,3.330756,0.010974,0,0
2011-07-16,420000.000000,12.948010,2.941176,96.495000,-0.979990,0.031810,4.422500,3.814554,0.022620,9661.306216,0.166854,0.011318,171.448001,1.022612,0.010675,0,0
2011-07-23,411000.000000,12.926348,-2.142857,97.625000,1.171045,0.024936,4.576000,3.470888,0.019399,9729.869869,0.709673,0.011502,172.373999,0.540104,0.009336,0,0
2011-07-30,406000.000000,12.914108,-1.216545,97.828000,0.207939,0.020743,4.402000,-3.802448,0.018425,9812.543119,0.849685,0.009417,172.956000,0.337638,0.008813,0,0
2011-08-06,405000.000000,12.911642,-0.246305,90.854000,-7.128838,0.020982,4.210000,-4.361654,0.020080,9460.906170,-3.583546,0.011543,175.466000,1.451237,0.007312,0,0
2011-08-13,409000.000000,12.921470,0.987654,82.862000,-8.796531,0.026104,4.076000,-3.182898,0.018390,8740.877324,-7.610570,0.016114,175.470001,0.002280,0.007071,0,0
2011-08-20,415000.000000,12.936034,1.466993,85.364000,3.019478,0.029175,4.006000,-1.717370,0.017142,8819.141233,0.895378,0.016064,176.748001,0.728330,0.007085,0,0
2011-08-27,409000.000000,12.921470,-1.445783,85.056000,-0.360808,0.029999,4.010000,0.099850,0.017486,8873.815946,0.619955,0.016614,177.142001,0.222916,0.007094,0,0
2011-09-03,414000.000000,12.933621,1.222494,88.072000,3.545899,0.028513,4.010000,0.000000,0.019997,9104.419199,2.598693,0.015188,177.937997,0.449355,0.002437,0,0
2011-09-10,429000.000000,12.969212,3.623188,87.905000,-0.189618,0.022177,3.960000,-1.246883,0.022573,8967.567397,-1.503136,0.013339,178.932499,0.558903,0.002746,0,0
2011-09-17,422000.000000,12.952761,-1.631702,88.934000,1.170582,0.016620,3.954000,-0.151515,0.023949,8667.022651,-3.351463,0.013787,178.747998,-0.103112,0.002873,0,0
2011-09-24,406000.000000,12.914108,-3.791469,83.652000,-5.939236,0.022892,3.772000,-4.602934,0.023653,7933.986543,-8.457762,0.025069,178.512000,-0.132029,0.002941,0,0
2011-10-01,405000.000000,12.911642,-0.246305,81.178000,-2.957491,0.027436,3.810000,1.007423,0.021226,7196.982091,-9.289207,0.029429,177.694000,-0.458232,0.002687,0,0
2011-10-08,410000.000000,12.923912,1.234568,79.434000,-2.148365,0.030097,3.530000,-7.349081,0.021929,6983.133997,-2.971358,0.031322,163.805997,-7.815685,0.026369,0,0
2011-10-15,395000.000000,12.886641,-3.658537,85.348000,7.445175,0.031155,3.476000,-1.529745,0.022354,7384.374665,5.745854,0.034683,163.681998,-0.075699,0.026314,0,0
2011-10-22,403000.000000,12.906692,2.025316,86.818000,1.722360,0.027037,3.618000,4.085155,0.027127,7167.881114,-2.931779,0.032705,159.350000,-2.646594,0.026226,0,0
2011-10-29,399000.000000,12.896717,-0.992556,92.316000,6.332788,0.025368,3.620000,0.055279,0.025385,7824.196224,9.156334,0.033227,154.723999,-2.903044,0.026098,0,0
2011-11-05,392000.000000,12.879017,-1.754386,93.244000,1.005243,0.020682,3.474000,-4.033149,0.025233,7872.036690,0.611443,0.033977,132.211998,-14.549780,0.040147,0,0
2011-11-12,383000.000000,12.855790,-2.295918,96.966000,3.991678,0.019136,3.418000,-1.611975,0.028426,7644.960679,-2.884590,0.032637,131.101999,-0.839560,0.041130,0,0
2011-11-19,385000.000000,12.860999,0.522193,99.318000,2.425592,0.021292,3.104000,-9.186659,0.024830,7606.159551,-0.507539,0.026412,133.774002,2.038110,0.041857,0,0
2011-11-26,397000.000000,12.891692,3.116883,96.890000,-2.444673,0.015906,2.920000,-5.927835,0.030149,7261.466967,-4.531756,0.017300,135.772499,1.493935,0.042036,0,0
2011-12-03,387000.000000,12.866180,-2.518892,99.906000,3.112808,0.015684,3.370000,15.410959,0.043443,7668.550190,5.606074,0.020739,135.679999,-0.068129,0.007522,0,0
2011-12-10,368000.000000,12.815838,-4.909561,100.078000,0.172162,0.015592,3.394000,0.712166,0.042601,7826.841997,2.064169,0.019982,136.176001,0.365568,0.003584,0,0
2011-12-17,368000.000000,12.815838,0.000000,96.064000,-4.010872,0.017310,3.078000,-9.310548,0.041500,7381.728997,-5.687006,0.022404,136.631998,0.334858,0.001612,0,0
2011-12-24,386000.000000,12.863593,4.891304,97.740000,1.744670,0.018664,3.038000,-1.299545,0.036603,7462.859125,1.099067,0.021505,136.110004,-0.382044,0.001169,0,0
2011-12-31,376000.000000,12.837344,-2.590674,99.810000,2.117864,0.018982,3.042500,0.148124,0.021640,7474.212884,0.152137,0.017708,136.255001,0.106530,0.000934,0,0
2012-01-07,391000.000000,12.876463,3.989362,102.387500,2.582407,0.021270,2.922500,-3.944125,0.019279,7610.348288,1.821401,0.019191,135.970001,-0.209167,0.001616,0,0
2012-01-14,367000.000000,12.813117,-6.138107,100.432000,-1.909901,0.015764,2.808000,-3.917879,0.022187,7821.991764,2.780996,0.015649,137.063998,0.804587,0.001960,0,0
2012-01-21,381000.000000,12.850555,3.814714,99.945000,-0.484905,0.015115,2.397500,-14.618946,0.028027,8273.663217,5.774379,0.016110,138.507500,1.053159,0.001897,0,0
2012-01-28,372000.000000,12.826649,-2.362205,99.354000,-0.591325,0.014042,2.574000,7.361835,0.039217,8467.504599,2.342873,0.014926,139.412003,0.653035,0.001818,0,0
2012-02-04,368000.000000,12.815838,-1.075269,97.800000,-1.564104,0.010856,2.448000,-4.895105,0.048155,8431.348719,-0.426996,0.015100,142.612003,2.295355,0.006902,0,0
2012-02-11,361000.000000,12.796633,-1.902174,98.560000,0.777096,0.011115,2.510000,2.532680,0.048990,8585.451526,1.827736,0.015617,143.320004,0.496453,0.007539,0,0
2012-02-18,359000.000000,12.791078,-0.554017,101.726000,3.212256,0.009821,2.516000,0.239044,0.047849,8350.880139,-2.732196,0.015016,140.788000,-1.766679,0.008087,0,0
2012-02-25,365000.000000,12.807653,1.671309,107.175000,5.356546,0.011255,2.627500,4.431638,0.042713,8449.481665,1.180732,0.016441,139.892494,-0.636067,0.008077,0,0
2012-03-03,375000.000000,12.834681,2.739726,107.520000,0.321903,0.012602,2.452000,-6.679353,0.034383,8590.301864,1.666613,0.015814,139.847998,-0.031807,0.004149,0,0
2012-03-10,369000.000000,12.818552,-1.600000,106.324000,-1.112351,0.012906,2.260000,-7.830343,0.028809,8369.839759,-2.566407,0.015975,138.917999,-0.665007,0.004460,0,0
2012-03-17,368000.000000,12.815838,-0.271003,106.150000,-0.163651,0.013168,2.106000,-6.814159,0.026450,8525.706554,1.862243,0.015580,143.244000,3.114068,0.005824,0,0
2012-03-24,363000.000000,12.802158,-1.358696,106.410000,0.244936,0.013336,2.160000,2.564103,0.025506,8448.324219,-0.907635,0.014128,143.768002,0.365811,0.005769,0,0
2012-03-31,358000.000000,12.788288,-1.377410,105.122000,-1.210413,0.013260,2.064000,-4.444444,0.027003,8452.292457,0.046971,0.015167,144.450000,0.474374,0.005303,0,0
2012-04-07,387000.000000,12.866180,8.100559,103.522500,-1.521565,0.014975,1.965000,-4.796512,0.034781,8493.849712,0.491668,0.016009,146.832500,1.649360,0.004598,0,0
2012-04-14,381000.000000,12.850555,-1.550388,102.552000,-0.937477,0.015598,1.926000,-1.984733,0.035453,8085.443787,-4.808255,0.017066,148.594000,1.199666,0.004253,0,0
2012-04-21,387000.000000,12.866180,1.574803,103.152000,0.585069,0.014190,1.862000,-3.322949,0.030561,8032.973955,-0.648942,0.016529,148.207999,-0.259769,0.004400,0,0
2012-04-28,372000.000000,12.826649,-3.875969,103.784000,0.612688,0.012210,2.000000,7.411386,0.032040,8193.690562,2.000711,0.016643,148.026001,-0.122799,0.004527,0,0
2012-05-05,373000.000000,12.829334,0.268817,103.472000,-0.300624,0.014127,2.258000,12.900000,0.029523,8340.738781,1.794652,0.014263,143.699997,-2.922462,0.007967,0,0
2012-05-12,369000.000000,12.818552,-1.072386,96.984000,-6.270295,0.013135,2.332000,3.277236,0.027550,8144.968523,-2.347157,0.012523,141.303998,-1.667362,0.007055,0,0
2012-05-19,371000.000000,12.823957,0.542005,93.108000,-3.996536,0.012030,2.490000,6.775300,0.028554,7721.902017,-5.194207,0.013053,138.574002,-1.932002,0.006937,0,0
2012-05-26,381000.000000,12.850555,2.695418,90.882000,-2.390772,0.012916,2.594000,4.176707,0.028196,7613.214139,-1.407527,0.011855,137.503998,-0.772154,0.006894,0,0
2012-06-02,377000.000000,12.840000,-1.049869,87.057500,-4.208204,0.014537,2.367500,-8.731689,0.027393,7452.993377,-2.104509,0.012318,135.262501,-1.630132,0.007135,0,0
2012-06-09,383000.000000,12.855790,1.591512,84.434000,-3.013526,0.013911,2.334000,-1.414995,0.030826,7330.140949,-1.648364,0.013550,131.339999,-2.899918,0.008732,0,0
2012-06-16,384000.000000,12.858398,0.261097,83.270000,-1.378592,0.015300,2.242000,-3.941731,0.036253,7389.004452,0.803034,0.013770,132.940002,1.218215,0.009348,0,0
2012-06-23,380000.000000,12.847927,-1.041667,81.110000,-2.593971,0.018287,2.524000,12.578055,0.038826,7414.136980,0.340134,0.014053,134.432001,1.122310,0.009440,0,0
2012-06-30,372000.000000,12.826649,-2.105263,80.226000,-1.089878,0.026833,2.764000,9.508716,0.040476,7403.995727,-0.136783,0.016661,134.621997,0.141333,0.005842,0,0
2012-07-07,360000.000000,12.793859,-3.225806,85.735000,6.866851,0.029938,2.837500,2.659190,0.039368,7656.645107,3.412338,0.017543,133.627499,-0.738734,0.007008,0,0
2012-07-14,390000.000000,12.873902,8.333333,85.780000,0.052487,0.030569,2.818000,-0.687225,0.042217,7572.428787,-1.099911,0.017489,133.592001,-0.026564,0.006798,0,0
2012-07-21,368000.000000,12.815838,-5.641026,90.340000,5.315924,0.028149,2.922000,3.690561,0.035108,7667.447855,1.254803,0.017306,132.370001,-0.914726,0.006781,0,0
2012-07-28,372000.000000,12.826649,1.086957,88.876000,-1.620545,0.028670,3.126000,6.981520,0.029577,7464.622903,-2.645273,0.018105,130.207999,-1.633303,0.006893,0,0
2012-08-04,371000.000000,12.823957,-0.268817,89.098000,0.249786,0.020344,3.122000,-0.127959,0.033733,7440.372054,-0.324877,0.014697,120.328001,-7.587857,0.020904,0,0
2012-08-11,369000.000000,12.818552,-0.539084,93.140000,4.536578,0.018812,2.918000,-6.534273,0.028428,7544.870932,1.404485,0.013284,115.888000,-3.689915,0.021536,0,0
2012-08-18,376000.000000,12.837344,1.897019,94.434000,1.389306,0.017241,2.772000,-5.003427,0.025687,7441.694730,-1.367501,0.012134,113.962000,-1.661950,0.021563,0,0
2012-08-25,377000.000000,12.840000,0.265957,96.224000,1.895504,0.014073,2.794000,0.793651,0.024658,7616.521250,2.349284,0.012718,111.866000,-1.839209,0.021535,0,0
2012-09-01,371000.000000,12.823957,-1.591512,95.684000,-0.561191,0.008334,2.718000,-2.720115,0.019179,7633.055858,0.217089,0.009670,109.462001,-2.148999,0.005822,0,0
2012-09-08,393000.000000,12.881565,5.929919,95.675000,-0.009406,0.008295,2.815000,3.568801,0.021428,7815.377805,2.388584,0.012615,87.977499,-19.627361,0.051862,0,0
2012-09-15,392000.000000,12.879017,-0.254453,97.562000,1.972302,0.007871,2.878000,2.238011,0.027815,8246.601602,5.517632,0.013068,95.056001,8.045810,0.053242,0,0
2012-09-22,377000.000000,12.840000,-3.826531,93.702000,-3.956458,0.012692,2.758000,-4.169562,0.029480,8385.272136,1.681548,0.012901,97.986000,3.082392,0.053675,0,0
2012-09-29,376000.000000,12.837344,-0.265252,91.348000,-2.512220,0.013865,2.934000,6.381436,0.028868,8269.088673,-1.385566,0.013944,98.966002,1.000145,0.053798,0,0
2012-10-06,350000.000000,12.765688,-6.914894,90.814000,-0.584578,0.018473,3.220000,9.747785,0.026179,8366.091861,1.173082,0.011206,108.135999,9.265805,0.016966,0,0
2012-10-13,386000.000000,12.863593,10.285714,91.422000,0.669500,0.020004,3.256000,1.118012,0.021186,8226.980540,-1.662799,0.009102,110.598000,2.276764,0.014848,0,0
2012-10-20,374000.000000,12.832011,-3.108808,91.590000,0.183763,0.018176,3.314000,1.781327,0.018974,8186.856315,-0.487715,0.010134,111.052000,0.410496,0.014740,0,0
2012-10-27,364000.000000,12.804909,-2.673797,86.354000,-5.716781,0.018092,3.406000,2.776101,0.021908,7894.964653,-3.565369,0.008714,112.575999,1.372329,0.014756,0,0
2012-11-03,365000.000000,12.807653,0.274725,85.870000,-0.560484,0.013467,3.444000,1.115678,0.022375,7763.936809,-1.659638,0.009663,113.949997,1.220507,0.005720,0,0
2012-11-10,446000.000000,13.008074,22.191781,85.982000,0.130430,0.017323,3.400000,-1.277584,0.022658,7645.401781,-1.526739,0.010589,118.707499,4.175078,0.007995,0,0
2012-11-17,406000.000000,12.914108,-8.968610,85.866000,-0.134912,0.017466,3.544000,4.235294,0.025817,7636.583205,-0.115345,0.009808,120.425999,1.447677,0.007551,0,0
2012-11-24,388000.000000,12.868761,-4.433498,87.400000,1.786505,0.018645,3.607500,1.791761,0.024927,7752.546222,1.518520,0.009717,120.245001,-0.150299,0.007718,0,0
2012-12-01,375000.000000,12.834681,-3.350515,87.274000,-0.144165,0.019152,3.660000,1.455301,0.029096,7853.958750,1.308119,0.010525,120.124001,-0.100628,0.007851,0,0
2012-12-08,340000.000000,12.736701,-9.333333,87.002000,-0.311662,0.013369,3.408000,-6.885246,0.029806,8031.430832,2.259651,0.008345,119.889999,-0.194800,0.010041,0,0
2012-12-15,356000.000000,12.782686,4.705882,85.712000,-1.482725,0.013345,3.298000,-3.227700,0.026563,8100.214827,0.856435,0.009348,122.434001,2.121947,0.007353,0,0
2012-12-22,362000.000000,12.799399,1.685393,88.244000,2.954079,0.011015,3.302000,0.121286,0.025267,7919.435949,-2.231779,0.009886,126.958000,3.695051,0.007589,0,0
2012-12-29,362000.000000,12.799399,0.000000,90.142500,2.151421,0.011656,3.340000,1.150818,0.024602,7872.973533,-0.586688,0.009541,129.137501,1.716710,0.008603,0,0
2013-01-05,363000.000000,12.802158,0.276243,92.765000,2.909283,0.011663,3.280000,-1.796407,0.025115,8127.055969,3.227274,0.011252,128.550003,-0.454940,0.008539,0,0
2013-01-12,344000.000000,12.748397,-5.234160,93.380000,0.662966,0.010002,3.182000,-2.987805,0.025977,8073.538966,-0.658504,0.011158,151.472003,17.831194,0.034624,0,0
2013-01-19,339000.000000,12.733755,-1.453488,94.582000,1.287214,0.009592,3.440000,8.108108,0.027788,8000.125080,-0.909315,0.011023,151.844000,0.245588,0.034916,0,0
2013-01-26,366000.000000,12.810389,7.964602,95.412500,0.878074,0.007043,3.535000,2.761628,0.028339,8083.239169,1.038910,0.009631,151.122501,-0.475158,0.035164,0,0
2013-02-02,361000.000000,12.796633,-1.366120,97.332000,2.011791,0.007112,3.260000,-7.779349,0.030017,8185.974531,1.270968,0.008706,150.777500,-0.228292,0.035043,0,0
2013-02-09,347000.000000,12.757080,-3.878116,96.176000,-1.187688,0.008024,3.334000,2.269939,0.030240,8257.183747,0.869893,0.008740,156.639999,3.888179,0.008722,0,0
2013-02-16,362000.000000,12.799399,4.322767,96.954000,0.808934,0.008010,3.256000,-2.339532,0.027632,8223.012091,-0.413842,0.007182,156.363998,-0.176201,0.008124,0,0
2013-02-23,342000.000000,12.742566,-5.524862,94.380000,-2.654867,0.010178,3.282500,0.813882,0.026822,7898.326665,-3.948497,0.009632,155.410000,-0.610114,0.007928,0,0
2013-03-02,340000.000000,12.736701,-0.584795,92.190000,-2.320407,0.009279,3.478000,5.955826,0.022048,7787.379111,-1.404697,0.008837,153.306003,-1.353836,0.014252,0,0
2013-03-09,343000.000000,12.745486,0.882353,91.004000,-1.286474,0.009943,3.568000,2.587694,0.021917,7692.580489,-1.217337,0.008440,144.704001,-5.611001,0.013547,0,0
2013-03-16,343000.000000,12.745486,0.000000,92.700000,1.863654,0.009523,3.740000,4.820628,0.019722,7751.002994,0.759466,0.008561,142.351999,-1.625388,0.013874,0,0
2013-03-23,358000.000000,12.788288,4.373178,93.046000,0.373247,0.007641,3.986000,6.577540,0.015606,7550.823500,-2.582627,0.009129,140.900000,-1.020006,0.013850,0,0
2013-03-30,375000.000000,12.834681,4.748603,96.077500,3.258066,0.008332,4.045000,1.480181,0.015975,7549.445476,-0.018250,0.009120,140.277496,-0.441805,0.013814,0,0
2013-04-06,359000.000000,12.791078,-4.266667,95.074000,-1.044469,0.009994,3.992000,-1.310260,0.016677,7385.697446,-2.169007,0.009033,136.765997,-2.503252,0.006532,0,0
2013-04-13,356000.000000,12.782686,-0.835655,93.360000,-1.802806,0.011847,4.130000,3.456914,0.020638,7494.385219,1.471598,0.011293,138.478000,1.251775,0.006619,0,0
2013-04-20,343000.000000,12.745486,-3.651685,88.000000,-5.741217,0.014005,4.254000,3.002421,0.020099,7112.324511,-5.097959,0.013466,138.288000,-0.137205,0.005953,0,0
2013-04-27,331000.000000,12.709874,-3.498542,90.998000,3.406818,0.015048,4.240000,-0.329102,0.019426,6969.685634,-2.005517,0.015957,138.017996,-0.195248,0.005918,0,0
2013-05-04,335000.000000,12.721886,1.208459,93.400000,2.639618,0.017520,4.230000,-0.235849,0.025038,7016.644105,0.673753,0.023459,131.570001,-4.671851,0.015403,0,0
2013-05-11,360000.000000,12.793859,7.462687,95.985000,2.767666,0.017190,3.888000,-8.085106,0.020983,7354.171352,4.810380,0.022837,129.762000,-1.374175,0.016298,0,0
2013-05-18,343000.000000,12.745486,-4.722222,94.648000,-1.392926,0.013698,3.946000,1.491770,0.020972,7289.576043,-0.878349,0.020887,128.236003,-1.175996,0.016247,0,0
2013-05-25,353000.000000,12.774223,2.915452,94.756000,0.114107,0.013010,4.138000,4.865687,0.024423,7347.778102,0.798429,0.020125,127.032001,-0.938896,0.016226,0,0
2013-06-01,346000.000000,12.754194,-1.983003,93.320000,-1.515471,0.012085,4.120000,-0.434993,0.024163,7276.348256,-0.972129,0.018156,125.120001,-1.505132,0.007138,0,0
2013-06-08,337000.000000,12.727838,-2.601156,94.250000,0.996571,0.010343,3.942000,-4.320388,0.019475,7337.416298,0.839268,0.011122,114.632001,-8.382353,0.014988,0,0
2013-06-15,353000.000000,12.774223,4.747774,96.358000,2.236605,0.010084,3.770000,-4.363267,0.018962,7075.286952,-3.572502,0.011033,112.874001,-1.533603,0.016538,0,0
2013-06-22,347000.000000,12.757080,-1.699717,96.652000,0.305112,0.012358,3.872000,2.705570,0.014951,6905.090324,-2.405508,0.010991,115.734000,2.533798,0.017109,0,0
2013-06-29,340000.000000,12.736701,-2.017291,95.830000,-0.850474,0.011687,3.720000,-3.925620,0.016720,6720.122656,-2.678715,0.012385,114.792000,-0.813935,0.017128,0,0
2013-07-06,351000.000000,12.768542,3.235294,100.650000,5.029740,0.012893,3.540000,-4.838710,0.017459,6917.546339,2.937799,0.015541,119.292500,3.920569,0.008172,0,0
2013-07-13,344000.000000,12.748397,-1.994302,104.704000,4.027819,0.014417,3.656000,3.276836,0.017710,6897.153741,-0.294795,0.016396,121.275999,1.662720,0.008291,0,0
2013-07-20,355000.000000,12.779873,3.197674,106.882000,2.080150,0.011206,3.694000,1.039387,0.018001,6963.733276,0.965319,0.015595,124.409999,2.584188,0.007599,0,0
2013-07-27,334000.000000,12.718896,-5.915493,105.876000,-0.941225,0.012260,3.672000,-0.595560,0.018704,6995.920602,0.462214,0.015369,127.550000,2.523914,0.007391,0,0
2013-08-03,339000.000000,12.733755,1.497006,105.544000,-0.313574,0.012951,3.452000,-5.991285,0.016498,6882.603148,-1.619765,0.014065,127.670001,0.094082,0.006104,0,0
2013-08-10,327000.000000,12.697715,-3.539823,105.166000,-0.358144,0.012627,3.318000,-3.881808,0.014688,7096.892239,3.113489,0.013906,132.428003,3.726797,0.006612,0,0
2013-08-17,340000.000000,12.736701,3.975535,106.974000,1.719187,0.012220,3.346000,0.843882,0.011374,7349.321330,3.556896,0.012896,135.753998,2.511550,0.006105,0,0
2013-08-24,336000.000000,12.724866,-1.176471,105.476000,-1.400340,0.012940,3.494000,4.423192,0.013097,7351.305344,0.026996,0.011420,136.377997,0.459654,0.005995,0,0
2013-08-31,325000.000000,12.691580,-3.273810,108.330000,2.705829,0.012826,3.548000,1.545507,0.011999,7244.601690,-1.451493,0.009859,136.960001,0.426758,0.005411,0,0
2013-09-07,300000.000000,12.611538,-7.692308,108.770000,0.406166,0.013162,3.642500,2.663472,0.014698,7182.651864,-0.855117,0.009922,134.384998,-1.880113,0.006946,0,0
2013-09-14,323000.000000,12.685408,7.666667,108.356000,-0.380620,0.013431,3.608000,-0.947152,0.015565,7148.700838,-0.472681,0.009834,135.172000,0.585632,0.006444,0,0
2013-09-21,314000.000000,12.657148,-2.786378,106.218000,-1.973126,0.015324,3.708000,2.771619,0.016763,7238.208335,1.252081,0.011351,134.699997,-0.349187,0.006217,0,0
2013-09-28,319000.000000,12.672946,1.592357,103.096000,-2.939238,0.012601,3.554000,-4.153182,0.017205,7267.970756,0.411185,0.010715,134.451999,-0.184111,0.006132,0,0
2013-10-05,368000.000000,12.815838,15.360502,103.144000,0.046559,0.012046,3.564000,0.281373,0.015501,7257.609162,-0.142565,0.010286,130.040001,-3.281467,0.012498,0,0
2013-10-12,368000.000000,12.815838,0.000000,102.698000,-0.432405,0.012359,3.704000,3.928171,0.015886,7186.620287,-0.978130,0.010776,130.839999,0.615194,0.012441,0,0
2013-10-19,351000.000000,12.768542,-4.619565,101.508000,-1.158737,0.009990,3.792000,2.375810,0.014920,7269.293432,1.150376,0.009090,132.483997,1.256494,0.012500,0,0
2013-10-26,347000.000000,12.757080,-1.139601,97.572000,-3.877527,0.011005,3.694000,-2.584388,0.014487,7238.869778,-0.418523,0.009455,132.679999,0.147944,0.012508,0,0
2013-11-02,342000.000000,12.742566,-1.440922,96.938000,-0.649777,0.010960,3.550000,-3.898213,0.015764,7250.995151,0.167504,0.008268,132.864001,0.138682,0.002569,0,0
2013-11-09,340000.000000,12.736701,-0.584795,94.306000,-2.715138,0.010557,3.468000,-2.309859,0.018106,7159.282983,-1.264822,0.007622,135.017999,1.621205,0.002604,0,0
2013-11-16,331000.000000,12.709874,-2.647059,93.944000,-0.383857,0.010643,3.616000,4.267589,0.021043,7053.240878,-1.481183,0.008895,135.601999,0.432535,0.002761,0,0
2013-11-23,316000.000000,12.663497,-4.531722,93.920000,-0.025547,0.011059,3.686000,1.935841,0.023832,7011.132534,-0.597007,0.008475,136.086002,0.356929,0.002703,0,0
2013-11-30,312000.000000,12.650758,-1.265823,92.967500,-1.014161,0.010616,3.865000,4.856213,0.023159,7109.348438,1.400856,0.008186,136.342503,0.188484,0.002659,0,0
2013-12-07,354000.000000,12.777052,13.461538,96.206000,3.483475,0.010957,3.940000,1.940492,0.021019,7152.228185,0.603146,0.009105,137.644003,0.954582,0.003008,0,0
2013-12-14,364000.000000,12.804909,2.824859,96.957500,0.781136,0.009854,4.312000,9.441624,0.016821,7324.850034,2.413539,0.007268,138.013998,0.268806,0.003271,0,0
2013-12-21,334000.000000,12.718896,-8.241758,97.854000,0.924632,0.009904,4.252000,-1.391466,0.020125,7404.216384,1.083522,0.007204,136.973999,-0.753546,0.003409,0,0
2013-12-28,332000.000000,12.712890,-0.598802,99.152500,1.326977,0.008310,4.445000,4.539040,0.022638,7543.934194,1.887003,0.007591,136.152500,-0.599748,0.003472,0,0
2014-01-04,322000.000000,12.682307,-3.012048,96.467500,-2.707950,0.010218,4.357500,-1.968504,0.023517,7550.547837,0.087668,0.007413,134.427502,-1.266961,0.004261,0,0
2014-01-11,318000.000000,12.669807,-1.242236,92.416000,-4.199860,0.010602,4.308000,-1.135972,0.029352,7476.968827,-0.974486,0.007984,131.572000,-2.124194,0.004161,0,0
2014-01-18,327000.000000,12.697715,2.830189,92.976000,0.605956,0.011395,4.388000,1.857010,0.031948,7479.834835,0.038331,0.008005,130.528000,-0.793482,0.004304,0,0
2014-01-25,340000.000000,12.736701,3.975535,96.187500,3.454117,0.012323,5.085000,15.884230,0.050981,7381.618853,-1.313077,0.007407,129.137497,-1.065291,0.004349,0,0
2014-02-01,331000.000000,12.709874,-2.647059,97.290000,1.146199,0.010709,5.290000,4.031465,0.057727,7189.706636,-2.599866,0.005993,128.412000,-0.561802,0.002366,0,0
2014-02-08,337000.000000,12.727838,1.812689,97.780000,0.503649,0.010116,6.352000,20.075614,0.111554,7125.772770,-0.889242,0.006904,121.948001,-5.033796,0.009912,0,0
2014-02-15,332000.000000,12.712890,-1.483680,100.208000,2.483125,0.008967,6.548000,3.085642,0.148593,7268.632094,2.004826,0.007094,121.430000,-0.424772,0.010329,0,0
2014-02-22,341000.000000,12.739638,2.710843,102.932500,2.718845,0.009554,6.000000,-8.368968,0.145057,7350.203061,1.122233,0.006252,122.289999,0.708226,0.010356,0,0
2014-03-01,319000.000000,12.672946,-6.451613,102.772000,-0.155927,0.008764,5.102000,-14.966667,0.147382,7249.452028,-1.370724,0.007956,121.608000,-0.557690,0.010371,0,0
2014-03-08,322000.000000,12.682307,0.940439,103.074000,0.293854,0.011301,6.240000,22.304978,0.167398,7128.418332,-1.669556,0.011413,114.953999,-5.471680,0.012808,0,0
2014-03-15,321000.000000,12.679196,-0.310559,99.554000,-3.415022,0.012197,4.574000,-26.698718,0.132453,6689.258006,-6.160698,0.012492,110.952000,-3.481392,0.016271,0,0
2014-03-22,313000.000000,12.653958,-2.492212,99.774000,0.220986,0.011883,4.428000,-3.191955,0.130706,6611.434989,-1.163403,0.013005,111.449998,0.448841,0.016262,0,0
2014-03-29,330000.000000,12.706848,5.431310,100.660000,0.888007,0.011896,4.456000,0.632340,0.125426,6676.030298,0.977024,0.013813,111.542001,0.082551,0.016361,0,0
2014-04-05,311000.000000,12.647548,-5.757576,100.462000,-0.196702,0.009997,4.452000,-0.089767,0.024341,6726.957009,0.762829,0.010705,114.948001,3.053558,0.015202,0,0
2014-04-12,308000.000000,12.637855,-0.964630,102.720000,2.247616,0.009295,4.632000,4.043127,0.019011,6763.774122,0.547307,0.008015,117.922000,2.587256,0.011474,0,0
2014-04-19,327000.000000,12.697715,6.168831,103.947500,1.194996,0.007969,4.652500,0.442573,0.015431,6726.019929,-0.558182,0.007895,116.814999,-0.938757,0.011472,0,0
2014-04-26,345000.000000,12.751300,5.504587,102.112000,-1.765795,0.010400,4.794000,3.041376,0.013082,6830.794653,1.557752,0.006989,115.964000,-0.728501,0.011616,0,0
2014-05-03,325000.000000,12.691580,-5.797101,100.508000,-1.570824,0.010020,4.762000,-0.667501,0.011869,6755.396648,-1.103796,0.008901,111.459999,-3.883965,0.018765,0,0
2014-05-10,303000.000000,12.621488,-6.769231,100.290000,-0.216898,0.008579,4.742000,-0.419992,0.013973,6781.190724,0.381829,0.009317,105.178000,-5.636102,0.017942,0,0
2014-05-17,324000.000000,12.688499,6.930693,101.916000,1.621298,0.009328,4.460000,-5.946858,0.014183,6972.331196,2.818686,0.009511,104.030000,-1.091483,0.018223,0,0
2014-05-24,305000.000000,12.628067,-5.864198,103.820000,1.868205,0.007398,4.522000,1.390135,0.016163,6965.717395,-0.094858,0.009453,102.134000,-1.822552,0.018262,0,0
2014-05-31,312000.000000,12.650758,2.295082,103.952500,0.127625,0.007700,4.520000,-0.044228,0.019119,6983.960565,0.261899,0.008752,101.025000,-1.085828,0.005641,0,0
2014-06-07,317000.000000,12.666657,1.602564,103.234000,-0.691181,0.007122,4.610000,1.991150,0.019888,6861.659199,-1.751175,0.009621,94.468001,-6.490472,0.016497,0,0
2014-06-14,314000.000000,12.657148,-0.946372,105.968000,2.648352,0.008242,4.612000,0.043384,0.020914,6697.635585,-2.390437,0.007994,93.050000,-1.501038,0.016153,0,0
2014-06-21,315000.000000,12.660328,0.318471,107.228000,1.189038,0.007948,4.654000,0.910668,0.021364,6769.285693,1.069782,0.008483,91.884001,-1.253088,0.016268,0,0
2014-06-28,308000.000000,12.637855,-2.222222,106.692000,-0.499869,0.007110,4.514000,-3.008165,0.019236,6950.064571,2.670575,0.008063,92.512000,0.683469,0.016515,0,0
2014-07-05,302000.000000,12.618182,-1.948052,105.517500,-1.100832,0.007510,4.410000,-2.303943,0.019890,7107.970518,2.272007,0.007404,95.152500,2.854225,0.007678,0,0
2014-07-12,308000.000000,12.637855,1.986755,103.254000,-2.145142,0.006700,4.188000,-5.034014,0.019473,7161.708205,0.756020,0.006109,96.029999,0.922202,0.007435,0,0
2014-07-19,294000.000000,12.591335,-4.545455,102.368000,-0.858078,0.009084,4.108000,-1.910220,0.017671,7083.444190,-1.092812,0.007681,96.730000,0.728940,0.007409,0,0
2014-07-26,303000.000000,12.621488,3.061224,104.346000,1.932244,0.011177,3.840000,-6.523856,0.019343,7080.357526,-0.043576,0.008238,96.097998,-0.653367,0.007511,0,0
2014-08-02,295000.000000,12.594731,-2.640264,102.194000,-2.062369,0.017403,3.792000,-1.250000,0.015283,7099.978798,0.277123,0.006808,95.782001,-0.328828,0.005202,0,0
2014-08-09,309000.000000,12.641097,4.745763,97.496000,-4.597139,0.016911,3.918000,3.322785,0.017099,7025.903364,-1.043319,0.007776,95.688000,-0.098140,0.004959,0,0
2014-08-16,303000.000000,12.621488,-1.941748,97.172000,-0.332321,0.016991,3.898000,-0.510465,0.016711,6880.398477,-2.070978,0.007852,94.606000,-1.130759,0.004875,0,0
2014-08-23,300000.000000,12.611538,-0.990099,94.954000,-2.282551,0.017344,3.852000,-1.180092,0.012173,6937.277651,0.826684,0.009397,93.916000,-0.729340,0.004977,0,0
2014-08-30,303000.000000,12.621488,1.000000,96.258000,1.373297,0.013224,4.010000,4.101765,0.012435,6980.488224,0.622875,0.009965,93.059999,-0.911454,0.003982,0,0
2014-09-06,307000.000000,12.634603,1.320132,94.062500,-2.280849,0.018911,3.930000,-1.995012,0.011582,6912.861598,-0.968795,0.009509,85.129997,-8.521386,0.014612,0,0
2014-09-13,288000.000000,12.570716,-6.188925,92.430000,-1.735548,0.018757,3.906000,-0.610687,0.013090,6854.384060,-0.845924,0.010058,83.879999,-1.468341,0.015366,0,0
2014-09-20,295000.000000,12.594731,2.430556,93.520000,1.179271,0.017054,3.944000,0.972862,0.015602,6862.320747,0.115790,0.010282,84.059999,0.214593,0.015457,0,0
2014-09-27,290000.000000,12.577636,-1.694915,93.150000,-0.395637,0.017976,3.880000,-1.622718,0.016606,6711.304185,-2.200663,0.010288,82.858000,-1.429930,0.015461,0,0
2014-10-04,293000.000000,12.587928,1.034483,91.444000,-1.831455,0.014149,4.022000,3.659794,0.022927,6650.456668,-0.906642,0.010980,80.349998,-3.026867,0.010571,0,0
2014-10-11,281000.000000,12.546110,-4.095563,87.628000,-4.173046,0.014817,3.876000,-3.630035,0.021330,6668.975500,0.278460,0.010995,79.146001,-1.498442,0.011344,0,0
2014-10-18,290000.000000,12.577636,3.202847,83.170000,-5.087415,0.016611,3.824000,-1.341589,0.019999,6660.377369,-0.128927,0.011230,80.986000,2.324817,0.012255,0,0
2014-10-25,291000.000000,12.581079,0.344828,82.122000,-1.260070,0.018589,3.626000,-5.177824,0.020500,6677.793972,0.261496,0.010940,80.495999,-0.605044,0.012257,0,0
2014-11-01,280000.000000,12.542545,-3.780069,81.300000,-1.000950,0.016776,3.654000,0.772201,0.017452,6804.118793,1.891715,0.010421,80.220000,-0.342874,0.007454,0,0
2014-11-08,291000.000000,12.581079,3.928571,78.242000,-3.761378,0.018128,3.832000,4.871374,0.022484,6710.201849,-1.380295,0.010406,76.765999,-4.305661,0.008698,0,0
2014-11-15,293000.000000,12.587928,0.687285,76.496000,-2.231538,0.018439,4.162000,8.611691,0.026766,6684.848770,-0.377829,0.009059,75.902000,-1.125496,0.006917,0,0
2014-11-22,303000.000000,12.621488,3.412969,75.378000,-1.461514,0.016350,4.346000,4.420951,0.026801,6688.817009,0.059362,0.009319,74.686000,-1.602066,0.006759,0,0
2014-11-29,291000.000000,12.581079,-3.960396,72.355000,-4.010454,0.028650,4.157500,-4.337322,0.029764,6495.361591,-2.892222,0.011577,73.570000,-1.494256,0.006616,0,0
2014-12-06,291000.000000,12.581079,0.000000,67.147500,-7.197153,0.030647,3.750000,-9.801563,0.042841,6435.285687,-0.924905,0.013200,70.270000,-4.485524,0.011464,0,0
2014-12-13,286000.000000,12.563747,-1.718213,61.136000,-8.952679,0.032587,3.658000,-2.453333,0.045145,6463.284540,0.435083,0.013504,69.874001,-0.563539,0.011250,0,0
2014-12-20,276000.000000,12.528156,-3.496503,55.890000,-8.580869,0.035173,3.688000,0.820120,0.044979,6368.485813,-1.466727,0.012959,69.200002,-0.964592,0.011432,0,0
2014-12-27,285000.000000,12.560244,3.260870,55.540000,-0.626230,0.035917,2.942500,-20.214208,0.062440,6346.825440,-0.340118,0.012856,68.847500,-0.509395,0.011444,0,0
2015-01-03,294000.000000,12.591335,3.157895,53.442500,-3.776557,0.025405,3.090000,5.012744,0.063317,6274.348555,-1.141939,0.009146,69.124998,0.403062,0.006176,0,0
2015-01-10,304000.000000,12.624783,3.401361,48.767500,-8.747720,0.027343,3.032000,-1.877023,0.066200,6168.747105,-1.683066,0.008456,70.880000,2.538882,0.006992,0,0
2015-01-17,298000.000000,12.604849,-1.973684,47.066000,-3.489004,0.033490,3.080000,1.583113,0.068032,5846.652236,-5.221399,0.015917,69.245999,-2.305306,0.007881,0,0
2015-01-24,261000.000000,12.472276,-12.416107,46.633333,-0.919276,0.035443,2.947500,-4.301948,0.053285,5714.650614,-2.257730,0.016115,68.677500,-0.820985,0.007798,0,0
2015-01-31,281000.000000,12.546110,7.662835,47.790000,2.480343,0.035911,2.906000,-1.407973,0.041970,5558.728918,-2.728455,0.018303,67.721999,-1.391287,0.007907,0,0
2015-02-07,298000.000000,12.604849,6.049822,51.726667,8.237428,0.043860,2.720000,-6.400551,0.035568,5704.674591,2.625522,0.020188,62.370000,-7.902896,0.018647,0,0
2015-02-14,285000.000000,12.560244,-4.362416,51.136000,-1.141900,0.046184,2.752000,1.176471,0.032755,5704.013358,-0.011591,0.015922,62.148000,-0.355941,0.018801,0,0
2015-02-21,305000.000000,12.628067,7.017544,51.690000,1.083385,0.044640,2.902500,5.468750,0.031972,5779.411364,1.321841,0.015883,62.559999,0.662933,0.018918,0,0
2015-02-28,317000.000000,12.666657,3.934426,49.156000,-4.902302,0.043782,3.130000,7.838071,0.047139,5947.403321,2.906731,0.013409,62.594000,0.054349,0.019078,0,0
2015-03-07,293000.000000,12.587928,-7.570978,50.384000,2.498169,0.031002,3.044000,-2.747604,0.057573,5891.846929,-0.934129,0.011515,61.148000,-2.310127,0.007015,0,0
2015-03-14,290000.000000,12.577636,-1.023891,47.686000,-5.354875,0.027081,2.762000,-9.264126,0.057183,5863.186844,-0.486436,0.012662,59.050000,-3.431019,0.006845,0,0
2015-03-21,284000.000000,12.556730,-2.068966,44.394000,-6.903494,0.028305,2.804000,1.520637,0.055795,5888.760474,0.436173,0.016995,58.400000,-1.100762,0.006763,0,0
2015-03-28,269000.000000,12.502467,-5.281690,48.684000,9.663468,0.029549,2.788000,-0.570613,0.046149,6183.738801,5.009175,0.016647,57.650000,-1.284247,0.006473,0,0
2015-04-04,282000.000000,12.549662,4.832714,48.907500,0.459083,0.031420,2.635000,-5.487805,0.042181,6084.199933,-1.609687,0.016706,52.460000,-9.002602,0.035243,0,0
2015-04-11,298000.000000,12.604849,5.673759,51.778000,5.869243,0.036917,2.670000,1.328273,0.033469,6064.027781,-0.331550,0.014844,47.468000,-9.515822,0.035823,0,0
2015-04-18,295000.000000,12.594731,-1.006711,54.780000,5.797829,0.035195,2.612000,-2.172285,0.030431,6064.909670,0.014543,0.012377,48.863999,2.940927,0.037480,0,0
2015-04-25,269000.000000,12.502467,-8.813559,56.138000,2.479007,0.032085,2.594000,-0.689127,0.029358,5978.929520,-1.417666,0.011503,49.334000,0.961856,0.037857,0,0
2015-05-02,267000.000000,12.495004,-0.743494,57.976000,3.274075,0.027339,2.568000,-1.002313,0.023167,6246.570227,4.476398,0.012933,51.694000,4.783719,0.014846,0,0
2015-05-09,271000.000000,12.509874,1.498127,59.726000,3.018490,0.019499,2.752000,7.165109,0.019096,6461.079869,3.434039,0.012189,58.138000,12.465664,0.017621,0,0
2015-05-16,276000.000000,12.528156,1.845018,60.014000,0.482202,0.015816,2.876000,4.505814,0.019906,6487.314838,0.406046,0.011510,59.618000,2.545666,0.019686,0,0
2015-05-23,281000.000000,12.546110,1.811594,58.952000,-1.769587,0.019635,2.996000,4.172462,0.018168,6326.157128,-2.484197,0.011159,59.756000,0.231473,0.019772,0,0
2015-05-30,275000.000000,12.524526,-2.135231,58.185000,-1.301058,0.020961,2.800000,-6.542056,0.020153,6185.061346,-2.230355,0.009205,60.067500,0.521287,0.019217,0,0
2015-06-06,278000.000000,12.535376,1.090909,59.664000,2.541892,0.021441,2.652000,-5.285714,0.021560,6034.926699,-2.427375,0.008655,61.572000,2.504682,0.015041,0,0
2015-06-13,269000.000000,12.502467,-3.237410,60.072000,0.683829,0.022965,2.778000,4.751131,0.024913,6005.605486,-0.485859,0.010745,63.092001,2.468655,0.013113,0,0
2015-06-20,273000.000000,12.517227,1.486989,59.892000,-0.299640,0.020228,2.900000,4.391649,0.024795,5788.891068,-3.608536,0.010191,62.776000,-0.500856,0.012577,0,0
2015-06-27,275000.000000,12.524526,0.732601,60.014000,0.203700,0.016740,2.804000,-3.310345,0.022650,5802.118986,0.228505,0.010591,62.642000,-0.213458,0.012626,0,0
2015-07-04,292000.000000,12.584509,6.181818,57.922500,-3.485020,0.017903,2.786000,-0.641940,0.018039,5804.764496,0.045596,0.010207,58.485001,-6.636121,0.028453,0,0
2015-07-11,285000.000000,12.560244,-2.397260,52.384000,-9.561915,0.023112,2.746000,-1.435750,0.013036,5556.303801,-4.280289,0.015162,49.860000,-14.747372,0.032821,0,0
2015-07-18,265000.000000,12.487485,-7.017544,51.684000,-1.336286,0.023822,2.894000,5.389658,0.017704,5584.963886,0.515812,0.014863,50.650000,1.584437,0.033161,0,0
2015-07-25,269000.000000,12.502467,1.509434,49.212000,-4.782912,0.023675,2.880000,-0.483760,0.018254,5361.635773,-3.998739,0.014553,51.174000,1.034550,0.033367,0,0
2015-08-01,270000.000000,12.506177,0.371747,47.910000,-2.645696,0.023327,2.870000,-0.347222,0.020720,5251.625429,-2.051806,0.015840,51.358000,0.359558,0.020024,0,0
2015-08-08,274000.000000,12.520883,1.481481,44.938000,-6.203298,0.017005,2.792000,-2.717770,0.021931,5183.061670,-1.305572,0.009206,54.376000,5.876397,0.011138,0,0
2015-08-15,279000.000000,12.538967,1.824818,43.198000,-3.872001,0.019064,2.876000,3.008596,0.020200,5219.878889,0.710337,0.013067,54.672000,0.544358,0.011601,0,0
2015-08-22,274000.000000,12.520883,-1.792115,41.342000,-4.296495,0.020557,2.748000,-4.450626,0.021371,5089.365173,-2.500321,0.013316,55.572000,1.646181,0.011465,0,0
2015-08-29,279000.000000,12.538967,1.824818,40.726000,-1.490010,0.036631,2.694000,-1.965066,0.020776,5080.987699,-0.164607,0.017403,55.320000,-0.453467,0.011788,0,0
2015-09-05,273000.000000,12.517227,-2.150538,46.730000,14.742425,0.044262,2.688000,-0.222717,0.018654,5151.315131,1.384129,0.019852,55.228000,-0.166305,0.005311,0,0
2015-09-12,264000.000000,12.483704,-3.296703,45.162500,-3.354376,0.044723,2.706000,0.669643,0.015022,5399.941055,4.826455,0.020927,56.552500,2.398240,0.006684,0,0
2015-09-19,269000.000000,12.502467,1.893939,45.482000,0.707445,0.046577,2.702000,-0.147820,0.012467,5366.045114,-0.627709,0.021620,56.286000,-0.471243,0.007117,0,0
2015-09-26,272000.000000,12.513557,1.115242,45.572000,0.197880,0.040387,2.612000,-3.330866,0.012048,5121.111818,-4.564503,0.019648,56.570000,0.504567,0.006973,0,0
2015-10-03,267000.000000,12.495004,-1.838235,44.998000,-1.259545,0.027681,2.488000,-4.747320,0.019133,5067.098548,-1.054718,0.021139,54.992000,-2.789465,0.016210,0,0
2015-10-10,265000.000000,12.487485,-0.749064,48.360000,7.471443,0.027115,2.376000,-4.501608,0.022872,5226.933477,3.154368,0.018121,53.771999,-2.218505,0.015537,0,0
2015-10-17,264000.000000,12.483704,-0.377358,46.820000,-3.184450,0.025010,2.476000,4.208754,0.025234,5319.307298,1.767266,0.016728,53.998000,0.420295,0.015455,0,0
2015-10-24,264000.000000,12.483704,0.000000,45.156000,-3.554037,0.023022,2.382000,-3.796446,0.027015,5220.319676,-1.860912,0.014866,53.672000,-0.603726,0.015447,0,0
2015-10-31,275000.000000,12.524526,4.166667,44.990000,-0.367614,0.026053,2.118000,-11.083123,0.030162,5157.928932,-1.195152,0.011039,53.082001,-1.099268,0.004828,0,0
2015-11-07,276000.000000,12.528156,0.363636,45.982000,2.204934,0.025184,2.022000,-4.532578,0.035692,5051.666170,-2.060183,0.009630,47.058001,-11.348479,0.024861,0,0
2015-11-14,272000.000000,12.513557,-1.449275,42.696000,-7.146275,0.023769,2.106000,4.154303,0.034397,4852.809668,-3.936454,0.009240,47.766000,1.504525,0.025408,0,0
2015-11-21,261000.000000,12.472276,-4.044118,40.620000,-4.862282,0.024740,2.090000,-0.759734,0.034907,4599.719134,-5.215340,0.009332,47.144000,-1.302182,0.025301,0,0
2015-11-28,265000.000000,12.487485,1.532567,40.487500,-0.326194,0.022220,2.148000,2.775120,0.027272,4501.834031,-2.128067,0.010580,46.567500,-1.222849,0.025282,0,0
2015-12-05,280000.000000,12.542545,5.660377,40.404000,-0.206236,0.020420,2.130000,-0.837989,0.019416,4528.289472,0.587659,0.011146,40.674000,-12.655823,0.033287,0,0
2015-12-12,268000.000000,12.498742,-4.285714,36.934000,-8.588259,0.022928,1.962000,-7.887324,0.026409,4552.760872,0.540412,0.012241,39.000001,-4.115649,0.032692,0,0
2015-12-19,260000.000000,12.468437,-2.985075,35.776000,-3.135322,0.025143,1.718000,-12.436290,0.029472,4565.106690,0.271172,0.014561,38.730000,-0.692309,0.033076,0,0
2015-12-26,276000.000000,12.528156,6.153846,36.262500,1.359850,0.026248,1.676000,-2.444703,0.031596,4656.708530,2.006565,0.013971,39.015000,0.735864,0.033217,0,0
2016-01-02,273000.000000,12.517227,-1.086957,36.990000,2.006205,0.029874,2.268000,35.322196,0.074065,4659.464368,0.059180,0.015372,39.382501,0.941946,0.004775,0,0
2016-01-09,284000.000000,12.556730,4.029304,34.648000,-6.331441,0.028637,2.382000,5.026455,0.071127,4528.950810,-2.801042,0.017572,41.392000,5.102518,0.014074,0,0
2016-01-16,290000.000000,12.577636,2.112676,30.586000,-11.723620,0.030865,2.322000,-2.518892,0.072290,4312.898045,-4.770482,0.017209,40.520000,-2.106686,0.014197,0,0
2016-01-23,269000.000000,12.502467,-7.241379,29.192500,-4.556006,0.045507,2.204000,-5.081826,0.070564,4365.698757,1.224251,0.015880,41.177500,1.622654,0.014476,0,0
2016-01-30,282000.000000,12.549662,4.832714,31.808000,8.959493,0.050095,2.222000,0.816697,0.035080,4499.849780,3.072842,0.014852,41.134000,-0.105639,0.014489,0,0
2016-02-06,266000.000000,12.491252,-5.673759,31.260000,-1.722837,0.054879,2.112000,-4.950495,0.036709,4596.191892,2.141007,0.013024,43.508000,5.771381,0.009658,0,0
2016-02-13,262000.000000,12.476100,-1.503759,28.144000,-9.968010,0.062059,2.158000,2.178030,0.036932,4489.929131,-2.311974,0.013379,43.574000,0.151695,0.009393,0,0
2016-02-20,270000.000000,12.506177,3.053435,30.022500,6.674602,0.055616,1.936000,-10.287303,0.038809,4558.051839,1.517233,0.011775,44.762500,2.727544,0.009960,0,0
2016-02-27,269000.000000,12.502467,-0.370370,31.322000,4.328420,0.049434,1.824000,-5.785124,0.032932,4627.717881,1.528417,0.013074,45.920000,2.585870,0.009705,0,0
2016-03-05,255000.000000,12.449019,-5.204461,34.434000,9.935509,0.044274,1.574000,-13.706140,0.034921,4816.212790,4.073172,0.013977,49.788000,8.423347,0.016982,0,0
2016-03-12,263000.000000,12.479909,3.137255,37.694000,9.467387,0.037815,1.646000,4.574333,0.038182,4931.734915,2.398609,0.013165,56.384000,13.248172,0.032875,0,0
2016-03-19,264000.000000,12.483704,0.380228,38.318000,1.655436,0.032714,1.788000,8.626974,0.041250,4968.331582,0.742065,0.014029,55.034000,-2.394298,0.033316,0,0
2016-03-26,271000.000000,12.509874,2.651515,39.445000,2.941176,0.035098,1.786000,-0.111857,0.040614,4976.378388,0.161962,0.014400,55.777500,1.350984,0.033456,0,0
2016-04-02,273000.000000,12.517227,0.738007,36.822000,-6.649765,0.035817,1.856000,3.919373,0.034923,4841.124977,-2.717908,0.013635,55.174000,-1.081978,0.032431,0,0
2016-04-09,263000.000000,12.479909,-3.663004,36.720000,-0.277008,0.040529,1.956000,5.387931,0.033236,4662.550875,-3.688690,0.012108,53.307999,-3.382028,0.012147,0,0
2016-04-16,257000.000000,12.456831,-2.281369,41.226000,12.271242,0.037538,1.904000,-2.658487,0.041664,4728.468966,1.413777,0.012437,55.945999,4.948600,0.014118,0,0
2016-04-23,259000.000000,12.464583,0.778210,41.856000,1.528162,0.033350,1.904000,0.000000,0.047582,4916.302747,3.972402,0.013362,57.924000,3.535553,0.014729,0,0
2016-04-30,278000.000000,12.535376,7.335907,44.298000,5.834289,0.033166,1.918000,0.735294,0.044231,4952.017526,0.726456,0.013743,59.212000,2.223604,0.009669,0,0
2016-05-07,289000.000000,12.574182,3.956835,44.216000,-0.185110,0.025309,1.958000,2.085506,0.048994,4832.967949,-2.404062,0.013515,60.116000,1.526718,0.023259,0,0
2016-05-14,279000.000000,12.538967,-3.460208,45.440000,2.768229,0.025059,2.000000,2.145046,0.040655,4604.569366,-4.725845,0.013157,55.946000,-6.936590,0.024628,0,0
2016-05-21,267000.000000,12.495004,-4.301075,47.992000,5.616197,0.023288,1.886000,-5.700000,0.036886,4579.436733,-0.545819,0.010631,56.092000,0.260966,0.024347,0,0
2016-05-28,263000.000000,12.479909,-1.498127,48.724000,1.525254,0.017692,1.836000,-2.651113,0.043368,4608.758051,0.640282,0.009968,55.384000,-1.262212,0.024135,0,0
2016-06-04,265000.000000,12.487485,0.760456,49.000000,0.566456,0.015131,2.150000,17.102397,0.055364,4602.971001,-0.125566,0.009869,49.457500,-10.700744,0.032481,0,0
2016-06-11,273000.000000,12.517227,3.018868,50.184000,2.416327,0.014289,2.360000,9.767442,0.053429,4542.399173,-1.315929,0.010965,50.480000,2.067432,0.033255,0,0
2016-06-18,261000.000000,12.472276,-4.395604,47.888000,-4.575163,0.017730,2.586000,9.576271,0.050275,4540.635290,-0.038832,0.013265,50.462000,-0.035658,0.033053,0,0
2016-06-25,262000.000000,12.476100,0.383142,48.710000,1.716505,0.021942,2.750000,6.341841,0.044993,4683.053722,3.136531,0.015142,50.730001,0.531096,0.033189,0,0
2016-07-02,255000.000000,12.449019,-2.671756,48.174000,-1.100390,0.027487,2.890000,5.090909,0.024171,4801.441855,2.528011,0.014898,51.493999,1.506009,0.010964,0,0
2016-07-09,252000.000000,12.437184,-1.176471,46.172500,-4.154731,0.030207,2.822000,-2.352941,0.023780,4725.602905,-1.579504,0.013975,53.750001,4.381096,0.011213,0,0
2016-07-16,260000.000000,12.468437,3.174603,45.598000,-1.244247,0.032329,2.812000,-0.354359,0.024988,4879.926315,3.265687,0.013411,55.780000,3.776743,0.011201,0,0
2016-07-23,264000.000000,12.483704,1.538462,44.440000,-2.539585,0.030487,2.796000,-0.568990,0.021824,4954.883429,1.536030,0.013037,55.862000,0.147006,0.011873,0,0
2016-07-30,266000.000000,12.491252,0.757576,41.826000,-5.882088,0.023362,2.848000,1.859800,0.023859,4873.312514,-1.646273,0.011961,56.370000,0.909384,0.011842,0,0
2016-08-06,265000.000000,12.487485,-0.375940,40.820000,-2.405203,0.022478,2.884000,1.264045,0.028208,4817.535781,-1.144534,0.011171,59.675999,5.864820,0.013971,0,0
2016-08-13,264000.000000,12.483704,-0.377358,43.114000,5.619794,0.021895,2.772000,-3.883495,0.027390,4768.372639,-1.020504,0.009881,60.224001,0.918294,0.014190,0,0
2016-08-20,264000.000000,12.483704,0.000000,47.156000,9.375145,0.022303,2.736000,-1.298701,0.025475,4765.947523,-0.050858,0.009931,60.246001,0.036530,0.014067,0,0
2016-08-27,261000.000000,12.472276,-1.136364,47.048000,-0.229027,0.023696,2.824000,3.216374,0.023112,4621.544972,-3.029881,0.009684,60.737999,0.816649,0.014156,0,0
2016-09-03,257000.000000,12.456831,-1.532567,45.106000,-4.127699,0.024891,2.940000,4.107649,0.017841,4564.004355,-1.245052,0.009139,59.502000,-2.034967,0.011038,0,0
2016-09-10,252000.000000,12.437184,-1.945525,45.957500,1.887775,0.025625,2.868000,-2.448980,0.019763,4608.482546,0.974543,0.008500,57.839999,-2.793185,0.010856,0,0
2016-09-17,250000.000000,12.429216,-0.793651,44.340000,-3.519556,0.024827,3.020000,5.299861,0.020907,4692.754082,1.828618,0.008394,57.270000,-0.985475,0.010169,0,0
2016-09-24,247000.000000,12.417144,-1.200000,44.596000,0.577357,0.025949,3.110000,2.980132,0.023186,4774.986440,1.752326,0.007179,56.912000,-0.625109,0.010000,0,0
2016-10-01,245000.000000,12.409013,-0.809717,46.552000,4.386044,0.026711,3.008000,-3.279743,0.025783,4812.244551,0.780277,0.008154,56.742000,-0.298708,0.004198,0,0
2016-10-08,250000.000000,12.429216,2.040816,49.484000,6.298333,0.023469,2.912000,-3.191489,0.027573,4763.081514,-1.021624,0.009091,55.136001,-2.830353,0.006102,0,0
2016-10-15,263000.000000,12.479909,5.200000,50.288000,1.624768,0.020401,3.172000,8.928571,0.027749,4721.469279,-0.873641,0.009636,55.887500,1.362991,0.007332,0,0
2016-10-22,256000.000000,12.452933,-2.661597,50.556000,0.532930,0.018676,3.136000,-1.134931,0.029559,4615.812849,-2.237787,0.008200,56.470000,1.042274,0.007398,0,0
2016-10-29,265000.000000,12.487485,3.515625,49.362000,-2.361737,0.015513,2.720000,-13.265306,0.029823,4723.839179,2.340353,0.009934,57.226001,1.338765,0.007619,0,0
2016-11-05,250000.000000,12.429216,-5.660377,45.508000,-7.807625,0.016722,2.504000,-7.941176,0.042197,4919.168545,4.134971,0.009469,62.322000,8.905042,0.020962,0,0
2016-11-12,232000.000000,12.354493,-7.200000,44.610000,-1.973279,0.017334,2.218000,-11.421725,0.045786,5342.896573,8.613814,0.012694,67.494999,8.300438,0.022342,0,0
2016-11-19,246000.000000,12.413087,6.034483,45.154000,1.219458,0.020933,2.442000,10.099188,0.060698,5483.771804,2.636683,0.014509,70.642001,4.662571,0.024923,0,0
2016-11-26,255000.000000,12.449019,3.658537,47.247500,4.636356,0.023199,2.764000,13.185913,0.062421,5692.328878,3.803168,0.014701,70.977499,0.474927,0.024886,0,0
2016-12-03,248000.000000,12.421184,-2.745098,48.628000,2.921848,0.028767,3.212000,16.208394,0.052586,5784.481937,1.618899,0.017086,73.354001,3.348247,0.018215,0,0
2016-12-10,252000.000000,12.437184,1.612903,50.974000,4.824381,0.029304,3.684000,14.694894,0.046707,5846.652131,1.074775,0.016415,78.089999,6.456360,0.017176,0,0
2016-12-17,260000.000000,12.468437,3.174603,51.914000,1.844077,0.027813,3.574000,-2.985885,0.039638,5715.697733,-2.239819,0.014338,80.026001,2.479193,0.013857,0,0
2016-12-24,257000.000000,12.456831,-1.153846,51.956000,0.080903,0.026054,3.508000,-1.846670,0.038325,5491.487940,-3.922702,0.011808,79.828001,-0.247419,0.013935,0,0
2016-12-31,244000.000000,12.404924,-5.058366,53.595000,3.154592,0.015920,3.684000,5.017104,0.029364,5500.251222,0.159579,0.011359,79.745001,-0.103974,0.010476,0,0
2017-01-07,245000.000000,12.409013,0.409836,53.342500,-0.471126,0.016001,3.468000,-5.863192,0.027511,5564.736545,1.172407,0.011004,75.305002,-5.567745,0.017758,0,0
2017-01-14,240000.000000,12.388394,-2.040816,52.066000,-2.393026,0.017192,3.268000,-5.767013,0.031605,5765.301767,3.604218,0.013429,78.306000,3.985124,0.018042,0,0
2017-01-21,250000.000000,12.429216,4.166667,51.822500,-0.467676,0.018129,3.294000,0.795594,0.028631,5755.711708,-0.166341,0.012906,79.660002,1.729117,0.018284,0,0
2017-01-28,241000.000000,12.392552,-3.600000,52.742000,1.774326,0.017389,3.266000,-0.850030,0.032910,5903.310963,2.564396,0.013577,80.078001,0.524730,0.018314,0,0
2017-02-04,230000.000000,12.345835,-4.564315,53.328000,1.111069,0.016729,3.126000,-4.286589,0.033924,5891.185486,-0.205401,0.015428,81.558002,1.848198,0.014485,0,0
2017-02-11,233000.000000,12.358794,1.304348,52.880000,-0.840084,0.013094,3.044000,-2.623161,0.033627,5882.808011,-0.142204,0.016793,81.615999,0.071112,0.015778,0,0
2017-02-18,237000.000000,12.375815,1.716738,53.220000,0.642965,0.011255,2.872000,-5.650460,0.038080,6025.226443,2.420926,0.016309,85.964001,5.327390,0.016061,0,0
2017-02-25,221000.000000,12.305918,-6.751055,54.025000,1.512589,0.011153,2.618000,-8.844011,0.038098,5952.749663,-1.202889,0.017599,87.435001,1.711181,0.016135,0,0
2017-03-04,236000.000000,12.371587,6.787330,53.564000,-0.853309,0.011326,2.522000,-3.666921,0.038644,5945.639753,-0.119439,0.016603,87.942000,0.579858,0.015112,0,0
2017-03-11,228000.000000,12.337101,-3.389831,50.500000,-5.720260,0.016545,2.752000,9.119746,0.046292,5732.452787,-3.585602,0.015725,86.592001,-1.535101,0.009147,0,0
2017-03-18,235000.000000,12.367341,3.070175,48.034000,-4.883168,0.016793,2.954000,7.340116,0.043982,5833.865420,1.769097,0.012300,88.710001,2.445953,0.006591,0,0
2017-03-25,236000.000000,12.371587,0.425532,47.280000,-1.569721,0.016155,2.988000,1.150982,0.042362,5797.048202,-0.631095,0.009578,88.771999,0.069888,0.006435,0,0
2017-04-01,216000.000000,12.283034,-8.474576,49.138000,3.929780,0.018696,3.026000,1.271754,0.036129,5853.486588,0.973571,0.009344,87.402000,-1.543277,0.005465,0,0
2017-04-08,222000.000000,12.310433,2.777778,51.264000,4.326590,0.012645,3.174000,4.890945,0.026754,5811.157798,-0.723138,0.010702,78.616000,-10.052402,0.023992,0,0
2017-04-15,231000.000000,12.350173,4.054054,53.187500,3.752146,0.011391,3.046000,-4.032766,0.025729,5688.746236,-2.106492,0.012182,74.154999,-5.674419,0.023071,0,0
2017-04-22,238000.000000,12.380026,3.030303,51.094000,-3.936075,0.014654,3.100000,1.772817,0.021661,5615.167094,-1.293416,0.012834,71.117999,-4.095475,0.023189,0,0
2017-04-29,232000.000000,12.354493,-2.521008,49.122000,-3.859553,0.012353,3.088000,-0.387097,0.022535,5689.242318,1.319199,0.012783,70.288000,-1.167073,0.023211,0,0
2017-05-06,233000.000000,12.358794,0.431034,47.210000,-3.892350,0.016432,3.136000,1.554404,0.019293,5656.834545,-0.569632,0.014182,66.084001,-5.981105,0.014527,0,0
2017-05-13,234000.000000,12.363076,0.429185,47.044000,-0.351620,0.017861,3.118000,-0.573980,0.020783,5503.392866,-2.712501,0.013059,61.636000,-6.730829,0.016558,0,0
2017-05-20,236000.000000,12.371587,0.854701,49.244000,4.676473,0.017480,3.208000,2.886466,0.021794,5608.773739,1.914835,0.012390,61.628000,-0.012980,0.016979,0,0
2017-05-27,253000.000000,12.441145,7.203390,50.214000,1.969783,0.021016,3.176000,-0.997506,0.023025,5691.887986,1.481861,0.012407,61.598000,-0.048678,0.017059,0,0
2017-06-03,251000.000000,12.433208,-0.790514,48.480000,-3.453220,0.018078,3.030000,-4.596977,0.027176,5673.589652,-0.321481,0.007398,58.325000,-5.313485,0.023169,0,0
2017-06-10,245000.000000,12.409013,-2.390438,46.566000,-3.948020,0.019821,2.982000,-1.584158,0.026716,5688.360639,0.260346,0.008701,55.142001,-5.457350,0.021283,0,0
2017-06-17,249000.000000,12.425208,1.632653,45.300000,-2.718722,0.020412,3.028000,1.542589,0.029281,5689.021767,0.011622,0.009587,54.498000,-1.167896,0.021497,0,0
2017-06-24,247000.000000,12.417144,-0.803213,43.090000,-4.878587,0.017401,2.892000,-4.491413,0.028580,5717.681957,0.503781,0.010341,54.710000,0.389006,0.021434,0,0
2017-07-01,256000.000000,12.452933,3.643725,44.626000,3.564632,0.018484,3.010000,4.080221,0.026145,5871.123531,2.683633,0.009968,55.500000,1.443978,0.006690,0,0
2017-07-08,259000.000000,12.464583,1.171875,44.960000,0.748443,0.016297,2.948000,-2.059801,0.023207,5852.714922,-0.313545,0.009311,63.247499,13.959458,0.034854,0,0
2017-07-15,245000.000000,12.409013,-5.405405,45.506000,1.214413,0.014958,2.962000,0.474898,0.018606,5872.887205,0.344665,0.008375,64.152000,1.430098,0.034624,0,0
2017-07-22,249000.000000,12.425208,1.632653,46.406000,1.977761,0.014346,3.088000,4.253883,0.017602,5982.015869,1.858177,0.007025,65.679999,2.381841,0.034875,0,0
2017-07-29,245000.000000,12.409013,-1.606426,48.266000,4.008102,0.015541,2.962000,-4.080311,0.016344,6253.625236,4.540432,0.010969,65.625999,-0.082216,0.034914,0,0
2017-08-05,254000.000000,12.445090,3.673469,49.520000,2.598102,0.013418,2.798000,-5.536799,0.017350,6354.376216,1.611081,0.010048,71.140001,8.402160,0.018068,0,0
2017-08-12,245000.000000,12.409013,-3.543307,49.076000,-0.896607,0.014556,2.854000,2.001430,0.018617,6437.710909,1.311454,0.010191,74.692001,4.992972,0.018611,0,0
2017-08-19,245000.000000,12.409013,0.000000,47.524000,-3.162442,0.016247,2.946000,3.223546,0.016839,6448.072608,0.160953,0.011338,73.739999,-1.274570,0.018197,0,0
2017-08-26,247000.000000,12.417144,0.816327,47.676000,0.319838,0.016222,2.968000,0.746775,0.018003,6620.253355,2.670267,0.008523,74.812000,1.453757,0.018276,0,0
2017-09-02,297000.000000,12.601487,20.242915,46.680000,-2.089101,0.017393,2.930000,-1.280323,0.015634,6784.718176,2.484268,0.008720,75.608000,1.064001,0.009930,0,0
2017-09-09,280000.000000,12.542545,-5.723906,48.575000,4.059554,0.019521,2.908000,-0.750853,0.016035,6825.227997,0.597074,0.011476,76.004999,0.525075,0.010736,0,0
2017-09-16,261000.000000,12.472276,-6.785714,49.066000,1.010808,0.019100,2.962000,1.856946,0.018151,6564.035625,-3.826867,0.011415,74.428000,-2.074863,0.010669,0,0
2017-09-23,264000.000000,12.483704,1.149425,50.124000,2.156279,0.015643,3.092000,4.388926,0.023070,6475.630358,-1.346813,0.010549,72.242000,-2.937067,0.012261,0,0
2017-09-30,260000.000000,12.468437,-1.515152,51.774000,3.291836,0.014324,2.960000,-4.269082,0.022930,6448.954497,-0.411942,0.011088,70.353999,-2.613439,0.012679,0,0
2017-10-07,252000.000000,12.437184,-3.076923,50.232000,-2.978329,0.014143,2.840000,-4.054054,0.029398,6560.287727,1.726376,0.010593,62.870000,-10.637631,0.025785,0,0
2017-10-14,235000.000000,12.367341,-6.746032,50.770000,1.071030,0.014982,2.918000,2.746479,0.028239,6774.797264,3.269819,0.009333,60.232000,-4.195961,0.026843,0,0
2017-10-21,241000.000000,12.392552,2.553191,51.740000,1.910577,0.015025,2.838000,-2.741604,0.024994,6998.566270,3.302962,0.011910,60.845999,1.019390,0.026747,0,0
2017-10-28,241000.000000,12.392552,0.000000,52.506000,1.480479,0.014726,2.914000,2.677942,0.029960,6963.512724,-0.500868,0.012640,60.670000,-0.289254,0.026739,0,0
2017-11-04,248000.000000,12.421184,2.904564,54.594000,3.976688,0.011029,2.778000,-4.667124,0.030065,6866.509432,-1.393022,0.011437,59.668001,-1.651556,0.012507,0,0
2017-11-11,254000.000000,12.445090,2.419355,57.052000,4.502326,0.011146,3.118000,12.239021,0.036677,6823.519304,-0.626084,0.012363,62.024001,3.948515,0.016190,0,0
2017-11-18,246000.000000,12.413087,-3.149606,55.814000,-2.169950,0.012462,3.096000,-0.705581,0.036568,6757.821659,-0.962812,0.010419,61.618001,-0.654585,0.016009,0,0
2017-11-25,243000.000000,12.400817,-1.219512,57.467500,2.962518,0.012972,3.048000,-1.550388,0.032320,6898.531555,2.082178,0.011077,62.340000,1.171734,0.016458,0,0
2017-12-02,241000.000000,12.392552,-0.823045,57.812000,0.599469,0.013458,2.944000,-3.412073,0.035836,6766.199134,-1.918269,0.010896,64.634000,3.679821,0.027160,0,0
2017-12-09,229000.000000,12.341477,-4.979253,56.916000,-1.549851,0.014319,2.844000,-3.396739,0.028539,6532.509531,-3.453780,0.014121,68.848000,6.519787,0.026162,0,0
2017-12-16,244000.000000,12.404924,6.550218,57.168000,0.442758,0.014138,2.768000,-2.672293,0.031250,6691.242125,2.429887,0.014573,68.999998,0.220775,0.025999,0,0
2017-12-23,251000.000000,12.433208,2.868852,57.868000,1.224461,0.012304,2.690000,-2.817919,0.033737,6979.826886,4.312873,0.014500,70.580000,2.289858,0.025969,0,0
2017-12-30,248000.000000,12.421184,-1.195219,59.880000,3.476878,0.012530,3.025000,12.453532,0.059701,7208.280685,3.273058,0.013268,71.172501,0.839473,0.025981,0,0
2018-01-06,252000.000000,12.437184,1.612903,61.362500,2.475785,0.009083,5.710000,88.760331,0.147559,7133.323651,-1.039874,0.007520,74.332500,4.439917,0.009849,0,0
2018-01-13,230000.000000,12.345835,-8.730159,63.256000,3.085761,0.007641,3.240000,-43.257443,0.193774,7065.366145,-0.952677,0.007664,77.420001,4.153635,0.010535,0,0
2018-01-20,231000.000000,12.350173,0.434783,63.770000,0.812571,0.008721,4.125000,27.314815,0.223576,7004.904513,-0.855747,0.006987,76.410000,-1.304574,0.010522,0,0
2018-01-27,228000.000000,12.337101,-1.298701,65.138000,2.145209,0.008533,3.428000,-16.896970,0.224031,6991.731707,-0.188051,0.011968,76.237999,-0.225103,0.010970,0,0
2018-02-03,224000.000000,12.319401,-1.754386,65.318000,0.276336,0.009971,3.302000,-3.675613,0.179940,7018.683441,0.385480,0.011760,74.575999,-2.180015,0.014175,0,0
2018-02-10,225000.000000,12.323856,0.446429,62.014000,-5.058330,0.013891,2.748000,-16.777710,0.131148,6861.218307,-2.243514,0.014132,74.909999,0.447865,0.014063,0,0
2018-02-17,219000.000000,12.296827,-2.666667,60.562000,-2.341407,0.015382,2.538000,-7.641921,0.036119,7029.430920,2.451644,0.016684,76.492000,2.111869,0.014254,0,0
2018-02-24,216000.000000,12.283034,-1.369863,62.470000,3.150490,0.015144,2.622500,3.329393,0.030734,7078.759187,0.701739,0.013757,77.080000,0.768708,0.014110,0,0
2018-03-03,228000.000000,12.337101,5.555556,62.070000,-0.640307,0.014989,2.638000,0.591039,0.022217,6905.531321,-2.447150,0.014352,77.410001,0.428128,0.009591,0,0
2018-03-10,223000.000000,12.314927,-2.192982,61.654000,-0.670211,0.016920,2.742000,3.942381,0.021234,6847.990705,-0.833254,0.013516,74.086002,-4.294018,0.010479,0,0
2018-03-17,225000.000000,12.323856,0.896861,61.276000,-0.613099,0.014734,2.710000,-1.167031,0.021311,6863.863974,0.231795,0.009932,72.434003,-2.229839,0.010311,0,0
2018-03-24,221000.000000,12.305918,-1.777778,64.106000,4.618448,0.017110,2.654000,-2.066421,0.021884,6675.589406,-2.742982,0.009587,71.248000,-1.637357,0.010334,0,0
2018-03-31,232000.000000,12.354493,4.977376,64.967500,1.343868,0.016053,2.670000,0.602864,0.025952,6594.569528,-1.213674,0.009716,70.105000,-1.604256,0.009366,0,0
2018-04-07,234000.000000,12.363076,0.862069,63.074000,-2.914534,0.016552,2.786000,4.344569,0.025558,6714.831531,1.823652,0.010666,63.903999,-8.845304,0.014379,0,0
2018-04-14,236000.000000,12.371587,0.854701,66.022000,4.673875,0.017048,2.776000,-0.358938,0.023747,6808.748474,1.398649,0.011153,64.460001,0.870057,0.015465,0,0
2018-04-21,207000.000000,12.240474,-12.288136,67.546000,2.308321,0.016557,2.830000,1.945245,0.019837,6869.375545,0.890429,0.011668,64.722000,0.406453,0.016204,0,0
2018-04-28,209000.000000,12.250090,0.966184,67.912000,0.541853,0.015413,2.802000,-0.989399,0.012278,6850.856608,-0.269587,0.012561,65.244000,0.806527,0.016202,0,0
2018-05-05,211000.000000,12.259613,0.956938,68.382000,0.692072,0.013397,2.754000,-1.713062,0.011802,6719.461318,-1.917940,0.011418,66.380000,1.741156,0.010218,0,0
2018-05-12,222000.000000,12.310433,5.213270,70.556000,3.179199,0.014846,2.758000,0.145243,0.010803,6758.042105,0.574165,0.010483,66.771999,0.590537,0.009304,0,0
2018-05-19,230000.000000,12.345835,3.603604,71.296000,1.048812,0.012856,2.804000,1.667875,0.013769,6749.444185,-0.127225,0.009087,67.352000,0.868630,0.008638,0,0
2018-05-26,222000.000000,12.310433,-3.478261,70.978000,-0.446028,0.016618,2.836000,1.141227,0.017329,6797.945673,0.718600,0.009284,66.466000,-1.315477,0.008843,0,0
2018-06-02,223000.000000,12.314927,0.450450,66.957500,-5.664431,0.017787,2.880000,1.551481,0.018635,6757.711541,-0.591857,0.008876,65.692497,-1.163758,0.007046,0,0
2018-06-09,222000.000000,12.310433,-0.448430,65.350000,-2.400777,0.014905,2.920000,1.388889,0.022609,7113.426741,5.263841,0.010173,64.883998,-1.230733,0.006653,0,0
2018-06-16,218000.000000,12.292250,-1.801802,66.206000,1.309870,0.016021,2.994000,2.534247,0.020479,7098.215020,-0.213845,0.012026,65.373999,0.755195,0.005940,0,0
2018-06-23,222000.000000,12.310433,1.834862,66.324000,0.178232,0.020275,2.986000,-0.267201,0.022842,6725.854673,-5.245831,0.011604,65.028001,-0.529259,0.005884,0,0
2018-06-30,228000.000000,12.337101,2.702703,74.026000,11.612689,0.026414,2.980000,-0.200938,0.021106,6562.271952,-2.432148,0.011737,64.850000,-0.273730,0.003179,0,0
2018-07-07,216000.000000,12.283034,-5.263158,73.727500,-0.403237,0.025988,2.905000,-2.516779,0.018998,6318.716339,-3.711453,0.009755,63.567499,-1.977642,0.004917,0,0
2018-07-14,205000.000000,12.230765,-5.092593,71.964000,-2.391916,0.028896,2.888000,-0.585198,0.015559,6146.039588,-2.732782,0.012371,63.190000,-0.593855,0.004264,0,0
2018-07-21,210000.000000,12.254863,2.439024,68.952000,-4.185426,0.029440,2.782000,-3.670360,0.015171,6032.060901,-1.854506,0.013793,63.384000,0.307011,0.004612,0,0
2018-07-28,207000.000000,12.240474,-1.428571,70.010000,1.534401,0.022524,2.788000,0.215672,0.014981,6144.055364,1.856653,0.014764,63.888000,0.795153,0.004756,0,0
2018-08-04,210000.000000,12.254863,1.449275,69.462000,-0.782745,0.024155,2.800000,0.430416,0.017652,6090.703642,-0.868347,0.015149,66.062000,3.402828,0.008653,0,0
2018-08-11,206000.000000,12.235631,-1.904762,67.904000,-2.242953,0.022797,2.954000,5.500000,0.020038,6036.470031,-0.890433,0.013070,68.952000,4.374680,0.009362,0,0
2018-08-18,207000.000000,12.240474,0.485437,66.146000,-2.588949,0.021521,2.998000,1.489506,0.018630,5816.889815,-3.637560,0.015978,67.962000,-1.435783,0.009876,0,0
2018-08-25,211000.000000,12.259613,1.932367,68.102000,2.957095,0.016151,3.014000,0.533689,0.016467,5896.476611,1.368202,0.016294,67.662001,-0.441421,0.010142,0,0
2018-09-01,201000.000000,12.211060,-4.739336,69.656000,2.281871,0.014170,2.972000,-1.393497,0.013565,5946.962429,0.856203,0.015013,67.284000,-0.558661,0.004593,0,0
2018-09-08,204000.000000,12.225875,1.492537,68.512500,-1.641639,0.012773,2.942500,-0.992598,0.012700,5730.909560,-3.632995,0.015800,67.514999,0.343320,0.005094,0,0
2018-09-15,206000.000000,12.235631,0.980392,68.958000,0.650246,0.013458,2.934000,-0.288870,0.010494,5804.764548,1.288713,0.011774,68.134000,0.916834,0.004840,0,0
2018-09-22,205000.000000,12.230765,-0.485437,70.276000,1.911308,0.013357,3.030000,3.271984,0.014750,6002.298375,3.402960,0.015554,68.637999,0.739718,0.004497,0,0
2018-09-29,210000.000000,12.254863,2.439024,72.838000,3.645626,0.014648,3.064000,1.122112,0.016571,6163.235534,2.681259,0.015525,68.676003,0.055368,0.004415,0,0
2018-10-06,211000.000000,12.259613,0.476190,75.126000,3.141217,0.016399,3.234000,5.548303,0.022513,6132.150543,-0.504362,0.014691,68.814000,0.200940,0.004107,0,0
2018-10-13,208000.000000,12.245293,-1.421801,72.956000,-2.888481,0.017066,3.296000,1.917130,0.031304,6132.811986,0.010786,0.014186,70.099998,1.868804,0.004522,0,0
2018-10-20,217000.000000,12.287653,4.326923,70.238000,-3.725533,0.018352,3.262000,-1.031553,0.030678,6095.112773,-0.614713,0.009289,71.068001,1.380888,0.005060,0,0
2018-10-27,216000.000000,12.283034,-0.460829,67.426000,-4.003531,0.018224,3.318000,1.716738,0.033147,6067.114236,-0.459360,0.008548,72.036002,1.362077,0.004969,0,0
2018-11-03,218000.000000,12.292250,0.925926,65.056000,-3.514965,0.015533,3.280000,-1.145268,0.030077,5991.936781,-1.239097,0.012310,72.799998,1.060576,0.003488,0,0
2018-11-10,221000.000000,12.305918,1.376147,61.574000,-5.352312,0.013445,3.576000,9.024390,0.028924,6023.903767,0.533500,0.013057,74.570001,2.431323,0.004156,0,0
2018-11-17,225000.000000,12.323856,1.809955,56.916000,-7.564881,0.019169,4.230000,18.288591,0.046832,6008.691835,-0.252526,0.014005,75.017999,0.600775,0.004316,0,0
2018-11-24,237000.000000,12.375815,5.333333,54.986667,-3.389791,0.023500,4.666667,10.323089,0.048593,6137.662166,2.146396,0.014497,74.812500,-0.273933,0.005234,0,0
2018-12-01,232000.000000,12.354493,-2.109705,51.014000,-7.224782,0.026644,4.434000,-4.985714,0.052912,6093.790202,-0.714799,0.014611,72.903999,-2.551045,0.006008,0,0
2018-12-08,208000.000000,12.245293,-10.344828,52.626000,3.159917,0.030214,4.488000,1.217862,0.055138,6088.058132,-0.094064,0.013005,66.290001,-9.072202,0.023037,0,0
2018-12-15,217000.000000,12.287653,4.326923,51.542000,-2.059818,0.028515,4.380000,-2.406417,0.056960,6074.169034,-0.228137,0.013050,67.044000,1.137425,0.023064,0,0
2018-12-22,228000.000000,12.337101,5.069124,46.980000,-8.851034,0.032273,3.728000,-14.885845,0.040696,5963.937929,-1.814752,0.013906,68.682001,2.443172,0.023272,0,0
2018-12-29,238000.000000,12.380026,4.385965,45.223333,-3.739180,0.031456,3.256667,-12.643062,0.043428,5910.310518,-0.899195,0.012125,68.955000,0.397483,0.023301,0,0
2019-01-05,225000.000000,12.323856,-5.462185,46.996667,3.921280,0.030077,2.923333,-10.235415,0.056518,5773.348572,-2.317339,0.014782,71.394999,3.538538,0.008173,0,0
2019-01-12,218000.000000,12.292250,-3.111111,50.780000,8.050216,0.031931,2.890000,-1.140251,0.055141,5853.927585,1.395707,0.014168,74.124001,3.822399,0.007354,0,0
2019-01-19,214000.000000,12.273731,-1.834862,51.924000,2.252855,0.031420,3.498000,21.038062,0.063801,5921.829795,1.159943,0.012931,74.522000,0.536938,0.007520,0,0
2019-01-26,234000.000000,12.363076,9.345794,52.875000,1.831523,0.020940,3.190000,-8.805031,0.065997,5949.442578,0.466288,0.014156,74.595001,0.097959,0.007826,0,0
2019-02-02,232000.000000,12.354493,-0.854701,53.634000,1.435461,0.021491,2.902000,-9.028213,0.047154,6065.571114,1.951923,0.013288,77.870000,4.390373,0.029788,0,0
2019-02-09,226000.000000,12.328290,-2.586207,53.526000,-0.201365,0.019659,2.594000,-10.613370,0.046247,6210.855449,2.395229,0.011664,89.618001,15.086684,0.030441,0,0
2019-02-16,211000.000000,12.259613,-6.637168,53.878000,0.657624,0.018215,2.656000,2.390131,0.031885,6137.000670,-1.189124,0.011305,88.837999,-0.870363,0.032002,0,0
2019-02-23,221000.000000,12.305918,4.739336,56.745000,5.321281,0.016176,2.712500,2.127259,0.028217,6434.734599,4.851457,0.012266,88.295000,-0.611224,0.031992,0,0
2019-03-02,216000.000000,12.283034,-2.262443,56.122000,-1.097894,0.016592,2.910000,7.281106,0.035847,6497.676642,0.978161,0.009994,87.284001,-1.145024,0.032631,0,0
2019-03-09,218000.000000,12.292250,0.925926,56.348000,0.402694,0.014381,3.282000,12.783505,0.101214,6424.703648,-1.123063,0.010316,85.926001,-1.555841,0.009388,0,0
2019-03-16,212000.000000,12.264342,-2.752294,57.810000,2.594591,0.014985,2.892000,-11.882998,0.100610,6416.767065,-0.123532,0.010727,85.390001,-0.623793,0.008264,0,0
2019-03-23,210000.000000,12.254863,-0.943396,59.436000,2.812662,0.015333,2.858000,-1.175657,0.100958,6382.154517,-0.539408,0.007690,85.892001,0.587891,0.008506,0,0
2019-03-30,203000.000000,12.220961,-3.333333,59.490000,0.090854,0.011666,2.714000,-5.038488,0.096794,6332.771034,-0.773774,0.009504,85.736000,-0.181625,0.007764,0,0
2019-04-06,196000.000000,12.185870,-3.448276,62.360000,4.824340,0.011760,2.702000,-0.442152,0.016321,6425.144540,1.458659,0.010198,90.701999,5.792198,0.010217,0,0
2019-04-13,197000.000000,12.190959,0.510204,64.102000,2.793457,0.012212,2.724000,0.814212,0.017204,6444.324710,0.298517,0.011133,93.267999,2.829045,0.010817,0,0
2019-04-20,222000.000000,12.310433,12.690355,63.800000,-0.471124,0.012107,2.625000,-3.634361,0.019604,6485.716552,0.642299,0.012173,93.320002,0.055756,0.010799,0,0
2019-04-27,224000.000000,12.319401,0.900901,65.276000,2.313480,0.014045,2.558000,-2.552381,0.020307,6424.262756,-0.947525,0.013596,93.148000,-0.184314,0.010786,0,0
2019-05-04,225000.000000,12.323856,0.446429,62.900000,-3.639929,0.014242,2.596000,1.485536,0.019336,6264.868614,-2.481127,0.015663,93.493999,0.371451,0.006363,0,0
2019-05-11,212000.000000,12.264342,-5.777778,61.814000,-1.726550,0.013102,2.596000,0.000000,0.019764,6166.322094,-1.573002,0.015461,94.354001,0.919847,0.004620,0,0
2019-05-18,215000.000000,12.278393,1.415094,62.104000,0.469149,0.013860,2.666000,2.696456,0.017509,6051.240966,-1.866285,0.014403,95.109998,0.801234,0.005897,0,0
2019-05-25,222000.000000,12.310433,3.255814,60.722000,-2.225299,0.018425,2.664000,-0.075019,0.022403,5969.449710,-1.351644,0.011929,97.085999,2.077595,0.005941,0,0
2019-06-01,223000.000000,12.314927,0.450450,56.927500,-6.248971,0.022424,2.655000,-0.337838,0.024387,5887.713224,-1.369247,0.008246,98.612499,1.572318,0.005870,0,0
2019-06-08,226000.000000,12.328290,1.345291,52.972000,-6.948311,0.024789,2.446000,-7.871940,0.024174,5838.054315,-0.843433,0.008387,97.706000,-0.919254,0.009337,0,0
2019-06-15,217000.000000,12.287653,-3.982301,52.522000,-0.849505,0.025966,2.412000,-1.390025,0.023108,5861.643616,0.404061,0.008105,103.126001,5.547255,0.013979,0,0
2019-06-22,234000.000000,12.363076,7.834101,54.754000,4.249648,0.027593,2.396000,-0.663350,0.021337,5936.600835,1.278775,0.009718,106.181999,2.963363,0.014257,0,0
2019-06-29,226000.000000,12.328290,-3.418803,58.382000,6.626000,0.023236,2.340000,-2.337229,0.022012,5983.338651,0.787282,0.009576,108.802000,2.467463,0.014903,0,0
2019-07-06,215000.000000,12.278393,-4.867257,57.323333,-1.813344,0.024895,2.306667,-1.424501,0.021972,5883.579730,-1.667279,0.009139,120.725000,10.958438,0.026678,0,0
2019-07-13,211000.000000,12.259613,-1.860465,59.024000,2.966797,0.023288,2.474000,7.254335,0.025109,5885.233023,0.028100,0.010557,120.385999,-0.280805,0.025789,0,0
2019-07-20,202000.000000,12.216023,-4.265403,56.748000,-3.856059,0.024740,2.436000,-1.535974,0.026101,5978.708969,1.588313,0.009364,121.074001,0.571497,0.025174,0,0
2019-07-27,206000.000000,12.235631,1.980198,56.054000,-1.222951,0.020358,2.298000,-5.665025,0.024225,5945.639648,-0.553118,0.009458,120.175999,-0.741696,0.025047,0,0
2019-08-03,208000.000000,12.245293,0.970874,56.546000,0.877725,0.027477,2.242000,-2.436902,0.033176,5847.975122,-1.642624,0.012674,115.731998,-3.697911,0.020097,0,0
2019-08-10,212000.000000,12.264342,1.923077,53.276000,-5.782902,0.029531,2.114000,-5.709188,0.034993,5661.023335,-3.196864,0.011773,97.478000,-15.772646,0.023476,0,0
2019-08-17,207000.000000,12.240474,-2.358491,55.306000,3.810346,0.030537,2.212000,4.635762,0.036661,5719.004634,1.024219,0.011993,94.640001,-2.911425,0.023993,0,0
2019-08-24,213000.000000,12.269047,2.898551,55.496000,0.343543,0.031264,2.270000,2.622061,0.040011,5657.936670,-1.067808,0.012166,93.200000,-1.521556,0.024548,0,0
2019-08-31,215000.000000,12.278393,0.938967,55.206000,-0.522560,0.024086,2.280000,0.440529,0.033132,5611.639747,-0.818265,0.008665,91.642000,-1.671674,0.018198,0,0
2019-09-07,207000.000000,12.240474,-3.720930,55.727500,0.944644,0.022104,2.462500,8.004386,0.028244,5694.257912,1.472264,0.010547,90.320002,-1.442568,0.013752,0,0
2019-09-14,205000.000000,12.230765,-0.966184,56.160000,0.776098,0.019726,2.636000,7.045685,0.028196,5786.245821,1.615450,0.010501,92.770000,2.712575,0.011780,0,0
2019-09-21,211000.000000,12.259613,2.926829,59.332000,5.648148,0.040314,2.632000,-0.151745,0.041773,5735.098455,-0.883947,0.011460,93.842000,1.155546,0.010499,0,0
2019-09-28,215000.000000,12.278393,1.895735,56.896000,-4.105710,0.039903,2.524000,-4.103343,0.044315,5697.619898,-0.653495,0.011715,93.101999,-0.788560,0.010276,0,0
2019-10-05,209000.000000,12.250090,-2.790698,53.122000,-6.633155,0.038813,2.330000,-7.686212,0.043575,5634.567920,-1.106637,0.009044,92.354002,-0.803416,0.007345,0,0
2019-10-12,215000.000000,12.278393,2.870813,53.272000,0.282369,0.038312,2.260000,-3.004292,0.044250,5697.179006,1.111196,0.008310,92.708000,0.383305,0.007003,0,0
2019-10-19,210000.000000,12.254863,-2.325581,53.488000,0.405466,0.014725,2.246000,-0.619469,0.046929,5740.389580,0.758456,0.007735,91.404002,-1.406564,0.008565,0,0
2019-10-26,215000.000000,12.278393,2.380952,55.204000,3.208196,0.015745,2.254000,0.356189,0.044009,5840.038330,1.735923,0.007620,90.378000,-1.122492,0.008569,0,0
2019-11-02,214000.000000,12.273731,-0.465116,55.170000,-0.061590,0.016009,2.616000,16.060337,0.052866,5872.887099,0.562475,0.008361,88.632002,-1.931883,0.017344,0,0
2019-11-09,227000.000000,12.332705,6.074766,56.690000,2.755121,0.015849,2.814000,7.568807,0.051563,5919.404679,0.792073,0.010657,82.318001,-7.123839,0.016498,0,0
2019-11-16,229000.000000,12.341477,0.881057,56.915000,0.396895,0.014716,2.690000,-4.406539,0.048013,5816.669369,-1.735568,0.010247,81.648001,-0.813916,0.017281,0,0
2019-11-23,221000.000000,12.305918,-3.493450,56.900000,-0.026355,0.018110,2.576000,-4.237918,0.042192,5814.024017,-0.045479,0.010619,83.362001,2.099255,0.017518,0,0
2019-11-30,231000.000000,12.350173,4.524887,58.070000,2.056239,0.017396,2.485000,-3.532609,0.034286,5863.462454,0.850331,0.010406,84.434999,1.287155,0.017733,0,0
2019-12-07,247000.000000,12.417144,6.926407,57.640000,-0.740486,0.019193,2.374000,-4.466801,0.030862,5839.597437,-0.407012,0.010239,88.185999,4.442469,0.011776,0,0
2019-12-14,236000.000000,12.371587,-4.453441,59.248000,2.789729,0.019306,2.238000,-5.728728,0.033345,6108.781582,4.609635,0.009380,91.952000,4.270521,0.011982,0,0
2019-12-21,230000.000000,12.345835,-2.542373,60.750000,2.535107,0.014763,2.276000,1.697945,0.033789,6216.807912,1.768378,0.008944,91.983998,0.034798,0.012341,0,0
2019-12-28,231000.000000,12.350173,0.434783,61.290000,0.888889,0.014524,2.030000,-10.808436,0.049971,6259.191708,0.681761,0.009261,91.645000,-0.368540,0.012479,0,0
2020-01-04,224000.000000,12.319401,-3.030303,61.742500,0.738293,0.009733,2.065000,1.724138,0.061083,6202.147227,-0.911371,0.009453,92.260000,0.671067,0.009387,0,0
2020-01-11,207000.000000,12.240474,-7.589286,60.840000,-1.461716,0.015356,2.092000,1.307506,0.059293,6196.084409,-0.097754,0.007528,93.864000,1.738565,0.004868,0,0
2020-01-18,221000.000000,12.305918,6.763285,58.288000,-4.194609,0.015206,2.064000,-1.338432,0.062514,6309.181418,1.825298,0.007801,94.562000,0.743629,0.005222,0,0
2020-01-25,210000.000000,12.254863,-4.977376,56.152500,-3.663704,0.016577,1.932500,-6.371124,0.063101,6050.028434,-4.107553,0.009649,94.577501,0.016393,0.005281,0,0
2020-02-01,207000.000000,12.240474,-1.428571,52.696000,-6.155559,0.016719,1.954000,1.112549,0.034456,5631.922148,-6.910815,0.010604,93.258000,-1.395153,0.005260,0,0
2020-02-08,202000.000000,12.216023,-2.415459,50.360000,-4.432974,0.013894,1.894000,-3.070624,0.033283,5642.504398,0.187898,0.012202,80.488000,-13.693195,0.039170,0,0
2020-02-15,209000.000000,12.250090,3.465347,50.832000,0.937252,0.015991,1.898000,0.211193,0.028866,5721.870642,1.406578,0.012137,83.816000,4.134778,0.039948,0,0
2020-02-22,218000.000000,12.292250,4.306220,53.135000,4.530611,0.016122,1.997500,5.242360,0.027648,5751.577951,0.519189,0.011641,85.924999,2.516225,0.040122,0,0
2020-02-29,215000.000000,12.278393,-1.376147,48.362000,-8.982780,0.021641,1.880000,-5.882353,0.030987,5680.423847,-1.237123,0.008170,86.600000,0.785570,0.040174,0,0
2020-03-07,208000.000000,12.245293,-3.255814,45.574000,-5.764857,0.032748,1.802000,-4.148936,0.036669,5700.706352,0.357060,0.008727,88.634000,2.348729,0.009246,1,1
2020-03-14,273000.000000,12.517227,31.250000,32.386000,-28.937552,0.074015,1.874000,3.995560,0.045969,5522.573037,-3.124759,0.008766,89.484000,0.959000,0.009551,1,1
2020-03-21,2914000.000000,14.885037,967.399267,24.194000,-25.294881,0.116623,1.790000,-4.482391,0.049934,4967.008906,-10.059878,0.019503,89.984000,0.558759,0.009754,1,1
2020-03-28,5946000.000000,15.598229,104.049417,19.438000,-19.657766,0.134613,1.732000,-3.240223,0.047629,4830.763278,-2.743012,0.023276,88.573999,-1.566946,0.010220,1,1
2020-04-04,6137000.000000,15.629847,3.212244,21.686000,11.564976,0.176185,1.620000,-6.466513,0.048737,4866.478162,0.739322,0.025209,84.137999,-5.008242,0.022261,1,1
2020-04-11,4869000.000000,15.398399,-20.661561,24.405000,12.538043,0.166427,1.767500,9.104938,0.054298,5003.936243,2.824591,0.026114,82.652500,-1.765550,0.021717,1,1
2020-04-18,4201000.000000,15.250833,-13.719450,20.120000,-17.557877,0.147619,1.720000,-2.687412,0.056499,5131.473412,2.548737,0.019071,84.103999,1.756147,0.021697,1,1
2020-04-25,3446000.000000,15.052725,-17.971911,3.324000,-83.479125,0.159135,1.854000,7.790698,0.057304,5110.750119,-0.403847,0.017252,84.100000,-0.004755,0.021654,1,1
2020-05-02,2796000.000000,14.843700,-18.862449,15.712000,372.683514,0.156431,1.706000,-7.982740,0.060162,5206.430631,1.872142,0.014400,83.601999,-0.592154,0.005911,0,1
2020-05-09,2335000.000000,14.663522,-16.487840,23.464000,49.338086,0.151021,1.838000,7.737397,0.054779,5207.973753,0.029639,0.013394,84.253999,0.779886,0.008968,0,1
2020-05-16,2176000.000000,14.592999,-6.809422,26.398000,12.504262,0.142024,1.626000,-11.534276,0.048920,5192.321034,-0.300553,0.011907,88.217999,4.704821,0.009335,0,1
2020-05-23,1921000.000000,14.468356,-11.718750,33.096000,25.373134,0.104886,1.780000,9.471095,0.049042,5360.092545,3.231147,0.012116,91.177998,3.355323,0.010344,0,1
2020-05-30,1639000.000000,14.309597,-14.679854,34.185000,3.290428,0.052835,1.765000,-0.842697,0.043382,5335.455994,-0.459629,0.012373,92.010000,0.912503,0.010127,0,1
2020-06-06,1575000.000000,14.269766,-3.904820,37.322000,9.176539,0.037934,1.698000,-3.796034,0.058382,5518.384247,3.428540,0.013178,99.868001,8.540377,0.016731,0,1
2020-06-13,1473000.000000,14.202812,-6.476190,37.872000,1.473662,0.040566,1.704000,0.353357,0.058916,5738.846352,3.995048,0.014672,103.124001,3.260303,0.017798,0,1
2020-06-20,1467000.000000,14.198730,-0.407332,38.350000,1.262146,0.035078,1.524000,-10.563380,0.065560,5702.249685,-0.637701,0.013285,103.160001,0.034909,0.017546,0,1
2020-06-27,1446000.000000,14.184312,-1.431493,39.220000,2.268579,0.032753,1.568000,2.887139,0.070853,5864.509625,2.845543,0.011806,103.042001,-0.114385,0.017707,0,1
2020-07-04,1413000.000000,14.161226,-2.282158,39.847500,1.599949,0.032627,1.675000,6.823980,0.071099,5976.449318,1.908765,0.011339,100.740000,-2.234042,0.014169,0,1
2020-07-11,1468000.000000,14.199411,3.892427,40.442000,1.491938,0.023118,1.784000,6.507463,0.071796,6209.532773,3.900032,0.007298,103.962000,3.198332,0.014430,0,1
2020-07-18,1393000.000000,14.146970,-5.108992,40.570000,0.316503,0.022134,1.766000,-1.008969,0.059734,6394.279784,2.975216,0.008710,107.273999,3.185779,0.014502,0,1
2020-07-25,1260000.000000,14.046622,-9.547739,41.338000,1.893024,0.015830,1.716000,-2.831257,0.055221,6417.428298,0.362019,0.010135,107.654001,0.354235,0.014525,0,1
2020-08-01,1044000.000000,13.858570,-17.142857,40.686000,-1.577241,0.015830,1.818000,5.944056,0.033188,6376.642841,-0.635542,0.010846,108.002000,0.323257,0.007973,0,1
2020-08-08,884000.000000,13.692212,-15.325670,41.568000,2.167822,0.015391,2.132000,17.271727,0.035195,6351.510102,-0.394137,0.013685,116.598000,7.959111,0.011860,0,1
2020-08-15,927000.000000,13.739709,4.864253,42.076000,1.222094,0.015903,2.168000,1.688555,0.040463,6295.292372,-0.885108,0.015755,119.562000,2.542068,0.011681,0,1
2020-08-22,876000.000000,13.683121,-5.501618,42.726000,1.544824,0.014985,2.388000,10.147601,0.039991,6513.108915,3.459991,0.017543,122.442000,2.408792,0.012296,0,1
2020-08-29,881000.000000,13.688813,0.570776,42.932000,0.482142,0.012834,2.522000,5.611390,0.041529,6513.770148,0.010152,0.017281,122.441998,-0.000001,0.012519,0,1
2020-09-05,892000.000000,13.701221,1.248581,41.842000,-2.538899,0.016005,2.158000,-14.432990,0.071360,6639.433526,1.929196,0.015922,125.636000,2.608584,0.007981,0,1
2020-09-12,861000.000000,13.665850,-3.475336,37.375000,-10.675876,0.022808,2.155000,-0.139018,0.095844,6654.369847,0.224964,0.014820,127.252499,1.286652,0.008351,0,1
2020-09-19,859000.000000,13.663524,-0.232288,39.554000,5.830100,0.026785,1.928000,-10.533643,0.110475,6775.899599,1.826315,0.012638,127.311998,0.046757,0.008739,0,1
2020-09-26,795000.000000,13.586097,-7.450524,39.780000,0.571371,0.028376,1.678000,-12.966805,0.126476,6624.442250,-2.235236,0.014584,124.862001,-1.924404,0.009154,0,1
2020-10-03,785000.000000,13.573439,-1.257862,38.992000,-1.980895,0.031765,1.648000,-1.787843,0.126875,6544.855455,-1.201411,0.020916,122.848000,-1.612982,0.007648,0,1
2020-10-10,839000.000000,13.639966,6.878981,40.188000,3.067296,0.029869,1.906000,15.655340,0.166788,6651.999895,1.637079,0.019707,122.145999,-0.571438,0.008021,0,1
2020-10-17,804000.000000,13.597355,-4.171633,40.330000,0.353339,0.028608,2.172000,13.955929,0.157963,6745.696287,1.408545,0.019555,121.946001,-0.163737,0.006647,0,1
2020-10-24,776000.000000,13.561908,-3.482587,40.426000,0.238036,0.028535,2.744000,26.335175,0.150980,6920.081810,2.585137,0.018806,121.391998,-0.454301,0.006277,0,1
2020-10-31,773000.000000,13.558034,-0.386598,37.316000,-7.693069,0.029071,3.088000,12.536443,0.144550,6759.805778,-2.316100,0.010617,120.459999,-0.767760,0.003927,0,1
2020-11-07,737000.000000,13.510343,-4.657180,37.708000,1.050488,0.027477,2.780000,-9.974093,0.062556,6840.935801,1.200183,0.009663,117.109999,-2.781006,0.005736,0,1
2020-11-14,738000.000000,13.511699,0.135685,40.658000,7.823274,0.033055,2.750000,-1.079137,0.053309,6944.332449,1.511440,0.009362,120.706000,3.070618,0.007675,0,1
2020-11-21,793000.000000,13.583579,7.452575,41.516000,2.110286,0.032084,2.390000,-13.090909,0.043297,7103.947037,2.298487,0.009353,122.339999,1.353702,0.007906,0,1
2020-11-28,737000.000000,13.510343,-7.061791,44.400000,6.946719,0.028580,2.390000,0.000000,0.045921,7314.377955,2.962169,0.010029,123.615000,1.042178,0.007869,0,1
2020-12-05,873000.000000,13.679691,18.453189,45.370000,2.184685,0.025790,2.694000,12.719665,0.061043,7652.897366,4.628137,0.010036,133.436000,7.944829,0.014256,0,1
2020-12-12,886000.000000,13.694472,1.489118,46.038000,1.472339,0.016555,2.438000,-9.502598,0.061729,7762.466923,1.431740,0.010944,147.675998,10.671781,0.014493,0,1
2020-12-19,815000.000000,13.610943,-8.013544,47.968000,4.192189,0.013670,2.696000,10.582445,0.058566,7865.863676,1.332009,0.010412,150.904001,2.185868,0.015451,0,1
2020-12-26,773000.000000,13.558034,-5.153374,47.732500,-0.490952,0.013913,2.720000,0.890208,0.051818,7828.054371,-0.480676,0.010538,154.780003,2.568522,0.015569,0,1
2021-01-02,803000.000000,13.596110,3.880983,47.985000,0.528990,0.012912,2.385000,-12.316176,0.044017,7815.377805,-0.161938,0.009057,155.615002,0.539475,0.012381,0,0
2021-01-09,890000.000000,13.698977,10.834371,50.094000,4.395123,0.017356,2.742000,14.968553,0.041851,8030.328392,2.750354,0.010836,167.119998,7.393244,0.013650,0,0
2021-01-16,844000.000000,13.645908,-5.168539,52.752000,5.306025,0.018144,2.820000,2.844639,0.041576,7961.764634,-0.853810,0.013330,169.520001,1.436096,0.011866,0,0
2021-01-23,799000.000000,13.591116,-5.331754,52.827500,0.143123,0.016553,2.540000,-9.929078,0.045194,8032.808462,0.892313,0.012054,169.920002,0.235961,0.011637,0,0
2021-01-30,803000.000000,13.596110,0.500626,52.524000,-0.574511,0.016173,2.714000,6.850394,0.040999,7935.088773,-1.216507,0.012465,169.064001,-0.503767,0.011997,0,0
2021-02-06,812000.000000,13.607256,1.120797,55.396000,5.467977,0.013552,3.122000,15.033161,0.059484,7885.705290,-0.622343,0.011700,152.639999,-9.714665,0.022284,0,0
2021-02-13,802000.000000,13.594864,-1.231527,58.540000,5.675500,0.013066,4.626000,48.174247,0.136039,8283.859608,5.049064,0.009736,158.744000,3.998952,0.023129,0,0
2021-02-20,702000.000000,13.461689,-12.468828,60.170000,2.784421,0.013512,12.175000,163.186338,0.372246,8647.897670,4.394547,0.013143,162.912502,2.625927,0.023687,0,0
2021-02-27,704000.000000,13.464534,0.284900,62.304000,3.546618,0.017217,2.856000,-76.542094,0.388094,9260.065443,7.078805,0.016995,164.638000,1.059156,0.023752,0,0
2021-03-06,693000.000000,13.448785,-1.562500,62.292000,-0.019260,0.020634,2.788000,-2.380952,0.386698,9075.097776,-1.997477,0.021162,173.416000,5.331697,0.010093,0,0
2021-03-13,699000.000000,13.457406,0.865801,65.022000,4.382585,0.022002,2.652000,-4.878049,0.360231,9018.438943,-0.624333,0.021978,169.993997,-1.973291,0.013258,0,0
2021-03-20,627000.000000,13.348702,-10.300429,63.222000,-2.768294,0.027681,2.532000,-4.524887,0.103747,9080.388795,0.686924,0.019900,168.188000,-1.062389,0.012687,0,0
2021-03-27,658000.000000,13.396960,4.944179,59.950000,-5.175414,0.034111,2.542000,0.394945,0.028255,8982.503509,-1.077986,0.017820,167.131998,-0.627870,0.012730,0,0
2021-04-03,645000.000000,13.377006,-1.975684,60.660000,1.184320,0.033613,2.542500,0.019670,0.024116,8836.392553,-1.626617,0.013896,166.134998,-0.596534,0.009731,0,0
2021-04-10,571000.000000,13.255144,-11.472868,59.348000,-2.162875,0.033087,2.450000,-3.638151,0.023613,9036.076097,2.259786,0.014131,168.176001,1.228521,0.008290,0,0
2021-04-17,566000.000000,13.246349,-0.875657,61.926000,4.343870,0.030845,2.594000,5.877551,0.016994,9093.396267,0.634348,0.015557,172.277997,2.439109,0.007743,0,0
2021-04-24,574000.000000,13.260385,1.413428,62.182000,0.413397,0.021800,2.758000,6.322282,0.018444,9428.718739,3.687538,0.014945,176.554001,2.482037,0.009395,0,0
2021-05-01,517000.000000,13.155798,-9.930314,63.472000,2.074555,0.018605,2.878000,4.350979,0.024419,10008.974926,6.154136,0.022817,178.862003,1.307250,0.007668,0,0
2021-05-08,494000.000000,13.110291,-4.448743,65.100000,2.564911,0.015952,2.950000,2.501737,0.024681,10142.574676,1.334800,0.021631,193.439999,8.150416,0.013240,0,0
2021-05-15,467000.000000,13.054085,-5.465587,65.066000,-0.052227,0.015418,2.930000,-0.677966,0.023583,10420.797949,2.743123,0.021455,214.256000,10.760960,0.019268,0,0
2021-05-22,441000.000000,12.996800,-5.567452,64.114000,-1.463130,0.018497,2.906000,-0.819113,0.022643,10196.146739,-2.155797,0.022995,212.092001,-1.010006,0.019772,0,0
2021-05-29,427000.000000,12.964539,-3.174603,66.398000,3.562404,0.018868,2.864000,-1.445286,0.018199,10117.221597,-0.774068,0.014898,206.839996,-2.476286,0.020371,0,0
2021-06-05,420000.000000,12.948010,-1.639344,68.742500,3.530980,0.018680,3.032500,5.883380,0.018528,10070.152955,-0.465233,0.016232,206.037498,-0.387980,0.017909,0,0
2021-06-12,428000.000000,12.966878,1.904762,70.112000,1.992217,0.016884,3.116000,2.753504,0.021515,9993.983335,-0.756390,0.014548,209.096002,1.484440,0.011442,0,0
2021-06-19,422000.000000,12.952761,-1.401869,71.546000,2.045299,0.012419,3.278000,5.198973,0.022383,9529.029142,-4.652341,0.018927,214.088004,2.387421,0.009724,0,0
2021-06-26,368000.000000,12.815838,-12.796209,73.484000,2.708747,0.010608,3.284000,0.183038,0.023889,9419.679716,-1.147540,0.018210,213.584000,-0.235419,0.009321,0,0
2021-07-03,371000.000000,12.823957,0.815217,74.068000,0.794731,0.011162,3.718000,13.215591,0.026506,9424.750710,0.053834,0.017073,214.044000,0.215372,0.008758,0,0
2021-07-10,333000.000000,12.715898,-10.242588,73.345000,-0.976130,0.014076,3.652500,-1.761700,0.027542,9485.928686,0.649120,0.018233,216.947502,1.356498,0.006795,0,0
2021-07-17,387000.000000,12.866180,16.216216,73.188000,-0.214057,0.015993,3.732000,2.176591,0.026570,9515.139886,0.307942,0.010497,218.395999,0.667672,0.006841,0,0
2021-07-24,380000.000000,12.847927,-1.808786,69.684000,-4.787670,0.025741,3.928000,5.251876,0.023901,9489.125153,-0.273404,0.012277,217.413998,-0.449642,0.008645,0,0
2021-07-31,379000.000000,12.845291,-0.263158,72.750000,4.399862,0.025109,4.062000,3.411405,0.020647,9971.276028,5.081089,0.015622,214.020004,-1.561074,0.008731,0,0
2021-08-07,361000.000000,12.796633,-4.749340,69.500000,-4.467354,0.026237,4.152000,2.215657,0.018411,9628.016449,-3.442484,0.014981,177.729999,-16.956361,0.037324,0,0
2021-08-14,367000.000000,12.813117,1.662050,68.334000,-1.677698,0.026712,4.096000,-1.348748,0.020443,9588.112881,-0.414453,0.015269,169.412000,-4.680132,0.037186,0,0
2021-08-21,358000.000000,12.788288,-2.452316,65.048000,-4.808734,0.017512,3.896000,-4.882812,0.018953,9176.069307,-4.297442,0.016461,162.962000,-3.807286,0.037852,0,0
2021-08-28,353000.000000,12.774223,-1.396648,67.590000,3.907883,0.023812,4.066000,4.363450,0.023162,9399.176869,2.431407,0.014613,159.739999,-1.977148,0.038108,0,0
2021-09-04,335000.000000,12.721886,-5.099150,69.150000,2.308034,0.021515,4.490000,10.427939,0.025127,9523.738017,1.325235,0.015290,149.456000,-6.437961,0.027683,0,0
2021-09-11,342000.000000,12.742566,2.089552,68.982500,-0.242227,0.020963,4.867500,8.407572,0.027733,9502.463452,-0.223385,0.017484,135.387501,-9.413138,0.028004,0,0
2021-09-18,367000.000000,12.813117,7.309942,71.688000,3.922009,0.019358,5.420000,11.350796,0.028816,9527.926807,0.267966,0.017159,124.978001,-7.688671,0.028478,0,0
2021-09-25,375000.000000,12.834681,2.179837,72.180000,0.686307,0.015137,5.034000,-7.121771,0.033872,9266.458693,-2.744229,0.018608,119.460001,-4.415178,0.030614,0,0
2021-10-02,312000.000000,12.650758,-16.800000,75.454000,4.535883,0.014295,5.678000,12.793008,0.038582,9269.104256,0.028550,0.019478,119.046001,-0.346559,0.022110,0,0
2021-10-09,291000.000000,12.581079,-6.730769,78.504000,4.042198,0.013907,5.868000,3.346249,0.046854,9320.912960,0.558940,0.018109,118.850000,-0.164643,0.022127,0,0
2021-10-16,289000.000000,12.574182,-0.687285,81.176000,3.403648,0.012655,5.544000,-5.521472,0.050949,9960.252676,6.859196,0.019808,124.994002,5.169543,0.024488,0,0
2021-10-23,269000.000000,12.502467,-6.920415,83.476000,2.833350,0.012030,4.946000,-10.786436,0.053634,10279.261511,3.202819,0.019802,123.116000,-1.502473,0.021045,0,0
2021-10-30,261000.000000,12.472276,-2.973978,83.844000,0.440845,0.014799,5.678000,14.799838,0.056410,9805.267875,-4.611164,0.019199,122.012001,-0.896715,0.019594,0,0
2021-11-06,251000.000000,12.433208,-3.831418,81.788000,-2.452173,0.017782,5.476000,-3.557591,0.051265,9602.002136,-2.073026,0.018307,98.586000,-19.199751,0.041215,0,0
2021-11-13,250000.000000,12.429216,-0.398406,81.930000,0.173620,0.020049,4.990000,-8.875091,0.055781,9688.423284,0.900033,0.013527,93.112001,-5.552512,0.037968,0,0
2021-11-20,224000.000000,12.319401,-10.400000,78.992000,-3.585988,0.020775,4.910000,-1.603206,0.056329,9593.183455,-0.983027,0.013101,92.384001,-0.781854,0.038157,0,0
2021-11-27,221000.000000,12.305918,-1.339286,77.793333,-1.517453,0.020124,4.903333,-0.135777,0.047438,9677.455227,0.878455,0.014690,94.037500,1.789811,0.038607,0,0
2021-12-04,206000.000000,12.235631,-6.787330,66.890000,-14.015768,0.033109,4.320000,-11.896669,0.049274,9448.119250,-2.369796,0.015158,99.231999,5.523859,0.021916,0,0
2021-12-11,227000.000000,12.332705,10.194175,71.314000,6.613844,0.034438,3.674000,-14.953704,0.043154,9558.791142,1.171364,0.015205,106.007999,6.828442,0.022151,0,0
2021-12-18,215000.000000,12.278393,-5.286344,71.184000,-0.182292,0.034612,3.786000,3.048449,0.046331,9393.885955,-1.725168,0.015826,109.520001,3.312960,0.022759,0,0
2021-12-25,217000.000000,12.287653,0.930233,71.625000,0.619521,0.035711,3.845000,1.558373,0.051752,9591.474972,2.103379,0.015220,113.127501,3.293918,0.023449,0,0
2022-01-01,229000.000000,12.341477,5.529954,76.048000,6.175218,0.020715,3.562000,-7.360208,0.056595,9756.104943,1.716420,0.012288,112.471999,-0.579436,0.015423,0,0
2022-01-08,250000.000000,12.429216,9.170306,77.858000,2.380076,0.016696,3.804000,6.793936,0.053077,9716.201375,-0.409011,0.012532,123.520001,9.822892,0.018941,0,0
2022-01-15,246000.000000,12.413087,-1.600000,81.516000,4.698297,0.018520,4.418000,16.140904,0.055774,9821.361591,1.082318,0.014466,126.794000,2.650582,0.018068,0,0
2022-01-22,240000.000000,12.388394,-2.439024,85.927500,5.411821,0.014586,4.500000,1.856043,0.064700,9880.831136,0.605512,0.016180,128.367502,1.240991,0.017509,0,0
2022-01-29,231000.000000,12.350173,-3.750000,86.940000,1.178319,0.015811,4.598000,2.177778,0.075885,9729.649318,-1.530052,0.018469,129.770001,1.092565,0.017441,0,0
2022-02-05,210000.000000,12.254863,-9.090909,89.596000,3.054980,0.015814,5.778000,25.663332,0.097558,9783.221591,0.550608,0.018517,140.263995,8.086610,0.016897,0,0
2022-02-12,234000.000000,12.363076,11.428571,90.614000,1.136211,0.016189,4.188000,-27.518172,0.103002,10001.920023,2.235444,0.019346,149.804001,6.801464,0.017988,0,0
2022-02-19,224000.000000,12.319401,-4.273504,92.892000,2.513960,0.019331,4.386000,4.727794,0.096836,9975.464608,-0.264503,0.016424,143.773999,-4.025261,0.021146,0,0
2022-02-26,208000.000000,12.245293,-7.142857,92.175000,-0.771864,0.018311,4.620000,5.335157,0.097418,9875.319986,-1.003909,0.014364,142.660000,-0.774827,0.021287,0,0
2022-03-05,222000.000000,12.310433,6.730769,106.798000,15.864388,0.033054,4.568000,-1.125541,0.056085,10311.889625,4.420815,0.015956,146.980002,3.028180,0.016967,0,0
2022-03-12,217000.000000,12.287653,-2.252252,113.390000,6.172400,0.046477,4.706000,3.021016,0.034559,10249.719432,-0.602898,0.019497,157.936002,7.454075,0.018079,0,0
2022-03-19,207000.000000,12.240474,-4.608295,100.430000,-11.429579,0.052909,4.680000,-0.552486,0.035510,10151.393148,-0.959307,0.019760,148.794000,-5.788421,0.020579,0,0
2022-03-26,214000.000000,12.273731,3.381643,113.692000,13.205218,0.054902,5.146000,9.957265,0.038030,10391.696761,2.367198,0.020167,149.844000,0.705674,0.019697,0,0
2022-04-02,214000.000000,12.273731,0.000000,103.892000,-8.619780,0.053168,5.410000,5.130198,0.035176,10403.822239,0.116684,0.016254,152.316000,1.649716,0.021939,0,0
2022-04-09,214000.000000,12.273731,0.000000,99.212000,-4.504678,0.045631,6.078000,12.347505,0.035862,10456.953619,0.510691,0.011938,158.934000,4.344914,0.020084,0,0
2022-04-16,210000.000000,12.254863,-1.869159,101.460000,2.265855,0.041717,6.640000,9.246463,0.031776,10337.738629,-1.140055,0.010286,155.465000,-2.182667,0.015390,0,0
2022-04-23,209000.000000,12.250090,-0.476190,104.018000,2.521191,0.039500,7.102000,6.957831,0.038477,10337.683597,-0.000532,0.012833,154.602002,-0.555108,0.015414,0,0
2022-04-30,218000.000000,12.292250,4.306220,102.848000,-1.124805,0.032467,6.806000,-4.167840,0.039024,9767.348426,-5.517050,0.014024,151.626001,-1.924943,0.015709,0,0
2022-05-07,204000.000000,12.225875,-6.422018,106.688000,3.733665,0.030460,8.042000,18.160447,0.039898,9436.434665,-3.387959,0.014763,142.573999,-5.969954,0.016811,0,0
2022-05-14,225000.000000,12.323856,10.294118,104.998000,-1.584058,0.032228,7.474000,-7.062920,0.063666,9191.281239,-2.597945,0.015801,132.755997,-6.886250,0.017549,0,0
2022-05-21,211000.000000,12.259613,-6.222222,112.178000,6.838225,0.031089,8.208000,9.820712,0.061028,9340.534023,1.623852,0.015498,132.392001,-0.274184,0.018594,0,0
2022-05-28,199000.000000,12.201060,-5.687204,113.380000,1.071511,0.029850,8.792000,7.115010,0.067698,9483.834239,1.534176,0.015095,133.344000,0.719076,0.018784,0,0
2022-06-04,213000.000000,12.269047,7.035176,116.372500,2.639354,0.027410,8.542500,-2.837807,0.066174,9731.468182,2.611116,0.017504,139.207500,4.397273,0.019784,0,0
2022-06-11,211000.000000,12.259613,-0.938967,120.430000,3.486648,0.017896,8.946000,4.723442,0.061537,9712.453267,-0.195396,0.016731,144.234000,3.610796,0.012579,0,0
2022-06-18,214000.000000,12.273731,1.421801,116.456000,-3.299842,0.022347,7.930000,-11.357031,0.070625,9116.103574,-6.140052,0.016669,138.228000,-4.164067,0.013964,0,0
2022-06-25,212000.000000,12.264342,-0.934579,107.882500,-7.362008,0.024285,6.425000,-18.978562,0.072358,8550.067653,-6.209187,0.019651,130.637501,-5.491289,0.018494,0,0
2022-07-02,214000.000000,12.273731,0.943396,110.962000,2.854494,0.025995,6.346000,-1.229572,0.077926,8234.476125,-3.691100,0.014064,127.369998,-2.501198,0.031075,0,0
2022-07-09,212000.000000,12.264342,-0.934579,103.315000,-6.891548,0.032828,5.900000,-7.028049,0.077829,7692.470344,-6.582153,0.021449,113.717499,-10.718772,0.031119,0,0
2022-07-16,216000.000000,12.283034,1.886792,99.920000,-3.286067,0.037193,6.762000,14.610169,0.063549,7277.230119,-5.398009,0.023928,108.202002,-4.850174,0.032843,0,0
2022-07-23,221000.000000,12.305918,2.314815,102.240000,2.321857,0.037292,7.764000,14.818101,0.066754,7327.936489,0.696781,0.024609,105.324001,-2.659841,0.032135,0,0
2022-07-30,228000.000000,12.337101,3.167421,99.604000,-2.578247,0.036400,8.742000,12.596600,0.065555,7593.593182,3.625259,0.026348,106.356000,0.979833,0.032439,0,0
2022-08-06,221000.000000,12.305918,-3.070175,94.008000,-5.618248,0.031592,8.144000,-6.840540,0.056960,7752.325776,2.090349,0.020442,110.809999,4.187821,0.023951,0,0
2022-08-13,220000.000000,12.301383,-0.452489,94.652000,0.685048,0.027567,8.150000,0.073674,0.058771,8034.517182,3.640087,0.014455,109.995999,-0.734591,0.019693,0,0
2022-08-20,215000.000000,12.278393,-2.272727,91.814000,-2.998352,0.024038,9.194000,12.809816,0.050300,8021.950813,-0.156405,0.012614,106.434001,-3.238298,0.019626,0,0
2022-08-27,210000.000000,12.254863,-2.325581,94.472000,2.894983,0.023420,9.564000,4.024364,0.042247,8138.354722,1.451067,0.011320,105.495999,-0.881299,0.019507,0,0
2022-09-03,203000.000000,12.220961,-3.333333,90.790000,-3.897451,0.025642,9.166000,-4.161439,0.040707,7727.634034,-5.046729,0.013840,101.360001,-3.920526,0.019551,0,0
2022-09-10,195000.000000,12.180755,-3.940887,85.290000,-6.057936,0.028895,8.305000,-9.393410,0.038919,7729.397813,0.022824,0.014952,98.302502,-3.016475,0.020989,0,0
2022-09-17,202000.000000,12.216023,3.589744,87.238000,2.283972,0.027402,8.420000,1.384708,0.037289,7864.541000,1.748431,0.015023,100.584001,2.320897,0.020820,0,0
2022-09-24,190000.000000,12.154779,-5.940594,83.462000,-4.328389,0.028935,7.694000,-8.622328,0.041601,7710.658534,-1.956662,0.015936,98.832001,-1.741828,0.020840,0,0
2022-10-01,203000.000000,12.220961,6.842105,80.076000,-4.056936,0.027520,6.628000,-13.854952,0.039575,7451.835983,-3.356685,0.014831,98.593999,-0.240815,0.008333,0,0
2022-10-08,207000.000000,12.240474,1.970443,88.222000,10.172836,0.028615,6.008000,-9.354255,0.067549,7670.313759,2.931865,0.014095,95.154001,-3.489054,0.010796,0,0
2022-10-15,199000.000000,12.201060,-3.864734,88.974000,0.852395,0.030173,6.287500,4.652130,0.068928,7625.339616,-0.586340,0.013843,96.356000,1.263214,0.011237,0,0
2022-10-22,202000.000000,12.216023,1.507538,85.356000,-4.066356,0.027876,5.484000,-12.779324,0.077002,7582.349594,-0.563778,0.013809,94.924001,-1.486155,0.011443,0,0
2022-10-29,202000.000000,12.216023,0.000000,87.870000,2.945311,0.025044,5.116000,-6.710430,0.078904,7782.749534,2.642979,0.020022,93.700000,-1.289453,0.011728,0,0
2022-11-05,204000.000000,12.225875,0.990099,89.136000,1.440765,0.023201,4.564000,-10.789679,0.067160,7760.042017,-0.291767,0.025864,84.618001,-9.692635,0.034260,0,0
2022-11-12,210000.000000,12.254863,2.941176,88.410000,-0.814486,0.023380,4.336000,-4.995618,0.114680,8299.732773,6.954740,0.027784,87.792001,3.750976,0.036150,0,0
2022-11-19,220000.000000,12.301383,4.761905,84.020000,-4.965502,0.025663,6.064000,39.852399,0.122731,8291.134957,-0.103591,0.028800,92.539998,5.408234,0.036348,0,0
2022-11-26,209000.000000,12.250090,-5.000000,78.737500,-6.287194,0.025677,6.410000,5.705805,0.121355,7953.166687,-4.076261,0.026611,91.917500,-0.672680,0.036447,0,0
2022-12-03,209000.000000,12.250090,0.000000,79.292000,0.704239,0.026170,6.056000,-5.522621,0.140318,8215.296060,3.295912,0.024076,97.946001,6.558600,0.025288,0,0
2022-12-10,209000.000000,12.250090,0.000000,73.064000,-7.854512,0.023475,4.598000,-24.075297,0.109201,8471.472838,3.118290,0.017107,108.645999,10.924385,0.024617,0,0
2022-12-17,213000.000000,12.269047,1.913876,75.124000,2.819446,0.023151,6.780000,47.455415,0.116590,8394.090608,-0.913445,0.014386,109.746001,1.012464,0.024839,0,0
2022-12-24,205000.000000,12.230765,-3.755869,77.278000,2.867259,0.022939,6.348000,-6.371681,0.131092,8351.541372,-0.506895,0.013774,110.214000,0.426439,0.024519,0,0
2022-12-31,205000.000000,12.230765,0.000000,79.232500,2.529180,0.022214,4.060000,-36.042848,0.155419,8428.262290,0.918644,0.011527,110.925001,0.645110,0.011623,0,0
2023-01-07,210000.000000,12.254863,2.439024,74.267500,-6.266368,0.023239,3.650000,-10.098522,0.141695,8395.193022,-0.392362,0.012929,116.170000,4.728419,0.015288,0,0
2023-01-14,204000.000000,12.225875,-2.857143,77.096000,3.808530,0.022336,3.456000,-5.315068,0.118785,9097.805187,8.369220,0.013853,120.336002,3.586125,0.014728,0,0
2023-01-21,204000.000000,12.225875,0.000000,80.340000,4.207741,0.021275,3.172500,-8.203125,0.118351,9324.715838,2.494125,0.011444,121.522501,0.985989,0.014836,0,0
2023-01-28,200000.000000,12.206073,-1.960784,80.326000,-0.017426,0.020573,3.084000,-2.789598,0.065487,9361.037080,0.389516,0.011077,122.206000,0.562446,0.014826,0,0
2023-02-04,215000.000000,12.278393,7.500000,76.506000,-4.755621,0.017248,2.638000,-14.461738,0.065180,9127.126716,-2.498765,0.012407,124.398001,1.793694,0.009424,0,0
2023-02-11,220000.000000,12.301383,2.325581,77.506000,1.307087,0.019028,2.338000,-11.372252,0.063893,8954.505182,-1.891302,0.010100,124.017999,-0.305473,0.009333,0,0
2023-02-18,217000.000000,12.287653,-1.363636,78.510000,1.295384,0.019157,2.410000,3.079555,0.059452,9051.508369,1.083289,0.013100,124.386000,0.296732,0.009133,0,0
2023-02-25,207000.000000,12.240474,-4.608295,75.420000,-3.935804,0.020290,2.180000,-9.543568,0.054244,9074.766896,0.256957,0.017338,125.969997,1.273453,0.009446,0,0
2023-03-04,230000.000000,12.345835,11.111111,77.538000,2.808274,0.018907,2.594000,18.990826,0.056188,9010.943358,-0.703308,0.018345,126.389999,0.333414,0.006684,0,0
2023-03-11,222000.000000,12.310433,-3.478261,77.310000,-0.294049,0.017298,2.476000,-4.548959,0.045939,8919.231190,-1.017787,0.018995,127.824001,1.134584,0.006816,0,0
2023-03-18,230000.000000,12.345835,3.603604,69.600000,-9.972837,0.023206,2.474000,-0.080775,0.053950,8701.855540,-2.437157,0.019168,129.906000,1.628801,0.007026,0,0
2023-03-25,234000.000000,12.363076,1.739130,69.332000,-0.385057,0.023438,2.062000,-16.653193,0.057650,8955.166415,2.910998,0.016556,127.334000,-1.979893,0.007820,0,0
2023-04-01,217000.000000,12.287653,-7.264957,73.788000,6.427047,0.026383,2.010000,-2.521823,0.056235,9050.626165,1.065974,0.014428,126.220001,-0.874863,0.007775,0,0
2023-04-08,220000.000000,12.301383,1.382488,80.622500,9.262346,0.028136,2.142500,6.592040,0.054259,8855.407468,-2.156963,0.013518,120.315001,-4.678340,0.010437,0,0
2023-04-15,223000.000000,12.314927,1.363636,81.866000,1.542373,0.021073,2.094000,-2.263711,0.051820,8962.662105,1.211177,0.010241,120.066000,-0.206957,0.010693,0,0
2023-04-22,209000.000000,12.250090,-6.278027,79.218000,-3.234554,0.022009,2.206000,5.348615,0.052249,8919.671977,-0.479658,0.009055,119.425999,-0.533041,0.010992,0,0
2023-04-29,213000.000000,12.269047,1.913876,76.314000,-3.665834,0.022044,2.206000,-0.000000,0.051829,8546.650293,-4.182011,0.010632,116.684000,-2.295982,0.011192,0,0
2023-05-06,223000.000000,12.314927,4.694836,71.164000,-6.748434,0.024221,2.036000,-7.706256,0.053618,8517.769866,-0.337915,0.010777,104.504002,-10.438447,0.026813,0,0
2023-05-13,225000.000000,12.323856,0.896861,72.034000,1.222528,0.024000,2.102000,3.241650,0.058813,8399.161287,-1.392484,0.012450,106.052002,1.481283,0.028631,0,0
2023-05-20,227000.000000,12.332705,0.888889,71.618000,-0.577505,0.024703,2.290000,8.943863,0.054031,8174.290051,-2.677306,0.015061,107.071997,0.961788,0.028801,0,0
2023-05-27,229000.000000,12.341477,0.881057,72.616000,1.393504,0.024399,2.176000,-4.978166,0.066185,7990.865611,-2.243919,0.016457,106.054001,-0.950759,0.028726,0,0
2023-06-03,252000.000000,12.437184,10.043668,69.852500,-3.805635,0.022695,1.930000,-11.305147,0.079630,8111.899386,1.514652,0.016601,105.275000,-0.734533,0.011783,0,0
2023-06-10,256000.000000,12.452933,1.587302,71.562000,2.447300,0.019888,1.990000,3.108808,0.082025,8320.015384,2.565564,0.014208,109.907999,4.400854,0.008284,0,0
2023-06-17,259000.000000,12.464583,1.171875,69.422000,-2.990414,0.024262,2.052000,3.115578,0.078570,8477.204855,1.889293,0.012579,112.457999,2.320122,0.009149,0,0
2023-06-24,236000.000000,12.371587,-8.880309,70.405000,1.415978,0.026278,2.277500,10.989279,0.083038,8534.084002,0.670966,0.011489,112.857500,0.355245,0.008587,0,0
2023-07-01,248000.000000,12.421184,5.084746,69.364000,-1.478588,0.023407,2.578000,13.194292,0.071616,8248.365276,-3.347972,0.010880,112.578000,-0.247658,0.008278,0,0
2023-07-08,230000.000000,12.345835,-7.258065,71.790000,3.497491,0.024668,2.530000,-1.861908,0.069474,8278.072532,0.360159,0.011456,111.379999,-1.064152,0.009123,0,0
2023-07-15,229000.000000,12.341477,-0.434783,75.198000,4.747179,0.021166,2.534000,0.158103,0.061481,8473.897955,2.365592,0.012164,110.497998,-0.791885,0.007374,0,0
2023-07-22,231000.000000,12.350173,0.873362,75.608000,0.545227,0.016584,2.542000,0.315706,0.053660,8407.538866,-0.783100,0.013043,112.192000,1.533061,0.007512,0,0
2023-07-29,238000.000000,12.380026,3.030303,79.680000,5.385673,0.015377,2.588000,1.809599,0.029639,8559.878210,1.811937,0.012064,112.742001,0.490232,0.007519,0,0
2023-08-05,258000.000000,12.460715,8.403361,81.398000,2.156124,0.015386,2.494000,-3.632148,0.024605,8570.019358,0.118473,0.014178,107.526001,-4.626493,0.012210,0,0
2023-08-12,248000.000000,12.421184,-3.875969,83.042000,2.019706,0.014714,2.756000,10.505213,0.036100,8286.725511,-3.305638,0.012818,104.762001,-2.570541,0.011202,0,0
2023-08-19,240000.000000,12.388394,-3.225806,80.928000,-2.545700,0.015233,2.588000,-6.095791,0.039418,8122.701793,-1.979355,0.012616,105.195999,0.414271,0.011490,0,0
2023-08-26,234000.000000,12.363076,-2.500000,79.972000,-1.181297,0.014860,2.532000,-2.163833,0.042794,8286.505065,2.016611,0.012126,107.350000,2.047607,0.011861,0,0
2023-09-02,225000.000000,12.323856,-3.846154,82.500000,3.161106,0.013815,2.568000,1.421801,0.045633,8340.959332,0.657144,0.009046,110.708000,3.128086,0.017225,0,0
2023-09-09,225000.000000,12.323856,0.000000,87.167500,5.657576,0.012689,2.517500,-1.966511,0.043447,8248.585906,-1.107468,0.009147,117.600000,6.225386,0.018037,0,0
2023-09-16,211000.000000,12.259613,-6.222222,89.144000,2.267474,0.010697,2.706000,7.487587,0.041781,8299.953429,0.622743,0.009664,120.188000,2.200680,0.017998,0,0
2023-09-23,216000.000000,12.283034,2.369668,90.278000,1.272099,0.010755,2.622000,-3.104213,0.048511,8172.085381,-1.540588,0.010182,121.842001,1.376178,0.018343,0,0
2023-09-30,216000.000000,12.283034,0.000000,91.440000,1.287135,0.013388,2.664000,1.601831,0.048490,8078.609540,-1.143843,0.011117,120.915999,-0.760003,0.018579,0,0
2023-10-07,210000.000000,12.254863,-2.777778,85.504000,-6.491689,0.019230,2.910000,9.234234,0.053525,7937.954781,-1.741076,0.012767,118.353999,-2.118826,0.006622,0,0
2023-10-14,200000.000000,12.206073,-4.761905,85.032500,-0.551436,0.024880,3.200000,9.965636,0.052444,7964.189750,0.330500,0.011265,117.975999,-0.319381,0.005629,0,0
2023-10-21,214000.000000,12.273731,7.000000,88.026000,3.520419,0.024955,2.856000,-10.750000,0.045945,7882.839281,-1.021453,0.010422,119.052000,0.912051,0.005523,0,0
2023-10-28,217000.000000,12.287653,1.401869,85.196000,-3.214959,0.026874,2.894000,1.330532,0.052963,7917.892722,0.444680,0.010859,118.424001,-0.527500,0.005596,0,0
2023-11-04,216000.000000,12.283034,-0.460829,81.990000,-3.763087,0.025328,3.164000,9.329648,0.054233,8058.988372,1.781985,0.007260,122.332001,3.300007,0.009203,0,0
2023-11-11,230000.000000,12.345835,6.481481,77.922500,-4.960971,0.025717,2.462000,-22.187105,0.101261,8036.280855,-0.281766,0.008740,127.058000,3.863257,0.008770,0,0
2023-11-18,213000.000000,12.269047,-7.391304,76.976000,-1.214668,0.026518,2.742000,11.372868,0.103430,8159.078014,1.528035,0.009667,128.947998,1.487508,0.008603,0,0
2023-11-25,213000.000000,12.269047,0.000000,77.020000,0.057161,0.026124,2.640000,-3.719912,0.103657,8363.887401,2.510203,0.009696,129.715000,0.594815,0.008325,0,0
2023-12-02,215000.000000,12.278393,0.938967,75.494000,-1.981304,0.025795,2.720000,3.030303,0.098879,8416.136892,0.624703,0.011196,130.424002,0.546584,0.003243,0,0
2023-12-09,203000.000000,12.220961,-5.581395,70.706000,-6.342226,0.024883,2.624000,-3.529412,0.047085,8339.636446,-0.908973,0.012872,132.800000,1.821749,0.004391,0,0
2023-12-16,209000.000000,12.250090,2.955665,70.114000,-0.837270,0.023546,2.384000,-9.146341,0.046072,8432.891946,1.118220,0.013416,135.230002,1.829821,0.004845,0,0
2023-12-23,212000.000000,12.264342,1.435407,73.228000,4.441338,0.020564,2.506000,5.117450,0.040953,8575.751270,1.694073,0.012846,134.988000,-0.178955,0.004862,0,0
2023-12-30,200000.000000,12.206073,-5.660377,73.515000,0.391927,0.021787,2.565000,2.354350,0.042524,8615.930632,0.468523,0.012797,136.087502,0.814518,0.004808,0,0
2024-01-06,201000.000000,12.211060,0.500000,72.492500,-1.390873,0.020635,2.677500,4.385965,0.044380,8455.820146,-1.858308,0.010035,141.232498,3.780653,0.013260,0,0
2024-01-13,195000.000000,12.180755,-2.985075,72.030000,-0.637997,0.020753,5.114000,90.999066,0.321057,8309.433239,-1.731197,0.009605,139.124002,-1.492926,0.014091,0,0
2024-01-20,224000.000000,12.319401,14.871795,73.357500,1.842982,0.019843,2.922500,-42.852953,0.463687,8284.410749,-0.301134,0.007356,136.125000,-2.155632,0.014205,0,0
2024-01-27,226000.000000,12.328290,0.892857,76.364000,4.098422,0.019594,2.374000,-18.768178,0.466463,8445.017318,1.938660,0.009088,135.495999,-0.462076,0.014188,0,0
2024-02-03,213000.000000,12.269047,-5.752212,75.782000,-0.762139,0.019537,2.204000,-7.160910,0.466164,8534.524920,1.059887,0.009598,133.518002,-1.459819,0.008630,0,0
2024-02-10,213000.000000,12.269047,0.000000,75.046000,-0.971207,0.017079,1.928000,-12.522686,0.464789,8238.003577,-3.474374,0.009711,128.236002,-3.956021,0.009350,0,0
2024-02-17,202000.000000,12.216023,-5.164319,78.166000,4.157450,0.017391,1.592000,-17.427386,0.065451,8261.813429,0.289025,0.010994,129.089999,0.665958,0.009230,0,0
2024-02-24,212000.000000,12.264342,4.950495,78.712500,0.699153,0.016781,1.555000,-2.324121,0.048930,8554.201147,3.539026,0.009552,127.472500,-1.253001,0.009522,0,0
2024-03-02,213000.000000,12.269047,0.471698,79.578000,1.099571,0.014624,1.584000,1.864952,0.062290,8453.395003,-1.178440,0.009477,123.212000,-3.342290,0.021708,0,0
2024-03-09,213000.000000,12.269047,0.000000,79.526000,-0.065345,0.013113,1.552000,-2.020202,0.060708,8541.138932,1.037973,0.008655,117.024001,-5.022237,0.021983,0,0
2024-03-16,213000.000000,12.269047,0.000000,80.430000,1.136735,0.013693,1.400000,-9.793814,0.078991,8840.305733,3.502657,0.010722,111.694000,-4.554622,0.022821,0,0
2024-03-23,214000.000000,12.273731,0.469484,82.790000,2.934229,0.013617,1.544000,10.285714,0.080894,8930.474673,1.019975,0.011135,110.610001,-0.970508,0.023191,0,0
2024-03-30,223000.000000,12.314927,4.205607,82.732500,-0.069453,0.014079,1.477500,-4.306995,0.077284,8817.928885,-1.260244,0.010498,110.079998,-0.479163,0.023240,0,0
2024-04-06,213000.000000,12.269047,-4.484305,86.354000,4.377361,0.012828,1.702000,15.194585,0.078400,9169.014614,3.981499,0.012219,101.102002,-8.155883,0.017367,0,0
2024-04-13,212000.000000,12.264342,-0.469484,86.502000,0.171388,0.012178,1.688000,-0.822562,0.083590,9415.711477,2.690549,0.010078,104.358000,3.220508,0.018742,0,0
2024-04-20,209000.000000,12.250090,-1.415094,84.646000,-2.145615,0.012318,1.462000,-13.388626,0.084293,9686.879847,2.879956,0.012099,107.124001,2.650492,0.018726,0,0
2024-04-27,207000.000000,12.240474,-0.956938,84.476000,-0.200836,0.010700,1.538000,5.198358,0.090649,9963.780023,2.858507,0.012255,109.290002,2.021958,0.018799,0,0
2024-05-04,230000.000000,12.345835,11.111111,81.738000,-3.241157,0.012054,1.638000,6.501951,0.085861,10072.247244,1.088615,0.013620,114.954001,5.182540,0.012937,0,0
2024-05-11,222000.000000,12.310433,-3.478261,80.262000,-1.805770,0.011676,2.002000,22.222222,0.065011,10195.485716,1.223545,0.014535,117.745999,2.428796,0.013468,0,0
2024-05-18,216000.000000,12.283034,-2.702703,80.614000,0.438564,0.011392,2.226000,11.188811,0.058082,10880.461227,6.718420,0.015914,116.825999,-0.781343,0.013608,0,0
2024-05-25,220000.000000,12.301383,1.851852,79.430000,-1.468728,0.012726,2.482000,11.500449,0.061325,10877.154222,-0.030394,0.020020,117.528000,0.600894,0.013671,0,0
2024-06-01,227000.000000,12.332705,3.181818,79.517500,0.110160,0.013316,2.035000,-18.009670,0.070772,10451.552429,-3.912805,0.020893,117.639999,0.095296,0.005798,0,0
2024-06-08,240000.000000,12.388394,5.726872,75.532000,-5.012104,0.016119,2.432000,19.508600,0.109445,10154.479813,-2.842378,0.023864,108.358000,-7.890173,0.015860,0,0
2024-06-15,236000.000000,12.371587,-1.666667,79.242000,4.911825,0.016818,2.730000,12.253289,0.108330,10017.572847,-1.348242,0.022096,106.903999,-1.341849,0.016040,0,0
2024-06-22,233000.000000,12.358794,-1.271186,82.262500,3.811741,0.017894,2.440000,-10.622711,0.110175,10028.540746,0.109487,0.018521,107.067501,0.152943,0.015883,0,0
2024-06-29,238000.000000,12.380026,2.145923,82.532000,0.327610,0.015309,2.522000,3.360656,0.096621,9697.902778,-3.296970,0.018472,106.518001,-0.513228,0.015840,0,0
2024-07-06,223000.000000,12.314927,-6.302521,84.605000,2.511753,0.012506,2.077500,-17.624901,0.048884,9951.379119,2.613723,0.018635,110.672499,3.900278,0.009971,0,0
2024-07-13,241000.000000,12.392552,8.071749,83.442000,-1.374623,0.011716,2.264000,8.977136,0.056191,10103.553102,1.529175,0.016517,109.686000,-0.891367,0.010251,0,0
2024-07-20,237000.000000,12.375815,-1.659751,82.980000,-0.553678,0.014270,2.016000,-10.954064,0.055516,9637.275602,-4.614985,0.017633,109.036000,-0.592601,0.010292,0,0
2024-07-27,248000.000000,12.421184,4.641350,79.256000,-4.487828,0.015747,2.060000,2.182540,0.063700,9101.773636,-5.556570,0.015412,107.484001,-1.423382,0.010371,0,0
2024-08-03,234000.000000,12.363076,-5.645161,77.106000,-2.712728,0.019533,1.898000,-7.864078,0.062257,9010.502466,-1.002784,0.013472,105.122000,-2.197537,0.008474,0,0
2024-08-10,228000.000000,12.337101,-2.564103,76.332000,-1.003813,0.021102,1.882000,-0.842993,0.054650,8755.868705,-2.825966,0.013187,102.152000,-2.825288,0.007997,0,0
2024-08-17,232000.000000,12.354493,1.754386,79.488000,4.134570,0.022262,2.128000,13.071201,0.057884,8987.133295,2.641252,0.014010,99.334000,-2.758635,0.008121,0,0
2024-08-24,232000.000000,12.354493,0.000000,74.678000,-6.051228,0.023826,2.038000,-4.229323,0.053047,9185.769562,2.210229,0.014247,98.142000,-1.199992,0.008595,0,0
2024-08-31,227000.000000,12.332705,-2.155172,76.362000,2.255015,0.023151,1.942000,-4.710500,0.066060,9206.272830,0.223207,0.012821,98.517999,0.383118,0.005653,0,0
2024-09-07,227000.000000,12.332705,0.000000,70.015000,-8.311726,0.024252,2.022500,4.145211,0.064122,8897.570661,-3.353172,0.013234,94.097502,-4.486995,0.018904,0,0
2024-09-14,223000.000000,12.314927,-1.762115,68.822000,-1.703921,0.024735,2.134000,5.512979,0.063061,9045.996903,1.668166,0.012310,92.132001,-2.088792,0.019273,0,0
2024-09-21,221000.000000,12.305918,-0.896861,72.142000,4.824039,0.023823,2.262000,5.998126,0.054339,9361.698102,3.489955,0.012149,91.890001,-0.262666,0.019236,0,0
2024-09-28,227000.000000,12.332705,2.714932,70.218000,-2.666962,0.022264,2.560000,13.174182,0.038330,9818.716028,4.881784,0.014696,92.250000,0.391772,0.019374,0,0
2024-10-05,258000.000000,12.460715,13.656388,71.832000,2.298556,0.021827,2.666000,4.140625,0.044689,9987.810426,1.722164,0.013341,105.801999,14.690514,0.033168,0,0
2024-10-12,241000.000000,12.392552,-6.589147,75.688000,5.368081,0.023657,2.404000,-9.827457,0.045958,9754.341375,-2.337540,0.014739,107.494000,1.599215,0.036483,0,0
2024-10-19,227000.000000,12.332705,-5.809129,70.807500,-6.448182,0.028038,2.147500,-10.669717,0.062769,9536.304386,-2.235282,0.016286,106.134000,-1.265187,0.036606,0,0
2024-10-26,219000.000000,12.296827,-3.524229,71.594000,1.110758,0.027638,1.878000,-12.549476,0.061650,9539.170290,0.030053,0.012291,104.684003,-1.366195,0.036774,0,0
2024-11-02,221000.000000,12.305918,0.913242,68.686000,-4.061793,0.028878,1.824000,-2.875399,0.088786,9547.327108,0.085509,0.010694,103.778000,-0.865464,0.015290,0,0
2024-11-09,218000.000000,12.292250,-1.357466,71.890000,4.664706,0.025829,1.494000,-18.092105,0.117388,9601.781375,0.570361,0.019061,104.410001,0.608993,0.007638,0,0
2024-11-16,216000.000000,12.283034,-0.917431,68.377500,-4.885937,0.022995,1.790000,19.812584,0.165382,9047.981023,-5.767683,0.018874,102.557999,-1.773778,0.007473,0,0
2024-11-23,219000.000000,12.296827,1.388889,70.106000,2.527878,0.022853,2.350000,31.284916,0.182682,9069.145102,0.233909,0.019194,101.913998,-0.627938,0.007541,0,0
2024-11-30,222000.000000,12.310433,1.369863,68.937500,-1.666762,0.018276,3.187500,35.638298,0.180919,8971.701023,-1.074457,0.019566,102.170000,0.251194,0.007610,0,0
2024-12-07,238000.000000,12.380026,7.207207,68.894000,-0.063101,0.018246,2.904000,-8.894118,0.162236,9099.348835,1.422783,0.011540,105.618001,3.374768,0.009081,0,0
2024-12-14,222000.000000,12.310433,-6.722689,69.972000,1.564723,0.016831,3.024000,4.132231,0.117920,9261.608670,1.783203,0.008875,105.657997,0.037869,0.009609,0,0
2024-12-21,219000.000000,12.296827,-1.351351,70.390000,0.597382,0.014286,2.996000,-0.925926,0.079748,8993.306205,-2.896932,0.009609,104.728001,-0.880194,0.009890,0,0
2024-12-28,212000.000000,12.264342,-3.196347,70.507500,0.166927,0.012645,2.927500,-2.286382,0.054155,8932.568963,-0.675361,0.009019,103.975000,-0.719006,0.009910,0,0
2025-01-04,206000.000000,12.235631,-2.830189,73.150000,3.747828,0.010741,3.460000,18.189582,0.061148,8851.273842,-0.910098,0.009193,101.860001,-2.034143,0.009817,0,0
2025-01-11,219000.000000,12.296827,6.310680,75.140000,2.720437,0.014511,3.934000,13.699422,0.069487,9289.827653,4.954697,0.010602,98.239998,-3.553900,0.007742,0,0
2025-01-18,223000.000000,12.314927,1.826484,79.282000,5.512377,0.017027,5.466000,38.942552,0.192702,9574.003284,3.058998,0.010900,100.121999,1.915717,0.009012,0,0
2025-01-25,212000.000000,12.264342,-4.932735,75.727500,-4.483363,0.018431,4.015000,-26.545920,0.274353,9464.433622,-1.144450,0.010123,101.322498,1.199037,0.008946,0,0
2025-02-01,220000.000000,12.301383,3.773585,73.308000,-3.195008,0.018867,3.308000,-17.608966,0.273546,9361.477972,-1.087816,0.010797,101.378000,0.054777,0.006017,0,0
2025-02-08,216000.000000,12.283034,-1.818182,72.048000,-1.718776,0.018712,3.280000,-0.846433,0.271020,9747.066131,4.118881,0.011596,105.566000,4.131074,0.008209,0,0
2025-02-15,223000.000000,12.314927,3.240741,72.166000,0.163780,0.012766,4.026000,22.743902,0.272724,10325.778670,5.937300,0.015908,106.830000,1.197355,0.008498,0,0
2025-02-22,241000.000000,12.392552,8.071749,72.097500,-0.094920,0.014213,5.900000,46.547442,0.124580,10091.648018,-2.267438,0.015976,106.907499,0.072544,0.008452,0,0
2025-03-01,224000.000000,12.319401,-7.053942,69.934000,-3.000798,0.015688,3.892000,-34.033898,0.124937,9982.298960,-1.083560,0.016051,107.096001,0.176322,0.008497,0,0
2025-03-08,222000.000000,12.310433,-0.892857,67.518000,-3.454686,0.016535,4.274000,9.815005,0.125158,10287.859222,3.061021,0.019988,101.134000,-5.566969,0.013905,0,0
2025-03-15,225000.000000,12.323856,1.351351,66.946000,-0.847181,0.015565,4.152000,-2.854469,0.125167,10568.286955,2.725812,0.017942,101.698001,0.557677,0.013894,0,0
2025-03-22,224000.000000,12.319401,-0.444444,67.960000,1.514654,0.014153,4.138000,-0.337187,0.060778,11100.261784,5.033690,0.016300,102.200000,0.493617,0.013858,0,0
2025-03-29,220000.000000,12.301383,-1.785714,69.806000,2.716304,0.011893,3.918000,-5.316578,0.053120,11319.842000,1.978153,0.016926,102.286000,0.084149,0.013919,0,0
2025-04-05,223000.000000,12.314927,1.363636,69.090000,-1.025700,0.025745,4.072000,3.930577,0.045780,10695.934347,-5.511629,0.026609,103.158000,0.852512,0.006399,0,0
2025-04-12,217000.000000,12.287653,-2.690583,61.240000,-11.361992,0.028945,3.676000,-9.724951,0.049045,9391.901835,-12.191852,0.030763,99.798000,-3.257140,0.008168,0,0
2025-04-19,224000.000000,12.319401,3.225806,62.920000,2.743305,0.030193,3.257500,-11.384657,0.053649,10266.364105,9.310811,0.031014,100.100002,0.302614,0.008125,0,0
2025-04-26,239000.000000,12.384219,6.696429,63.624000,1.118881,0.031477,2.996000,-8.027629,0.057743,10631.779824,3.559349,0.031046,99.957999,-0.141862,0.008099,0,0
2025-05-03,228000.000000,12.337101,-4.602510,60.990000,-4.139947,0.028621,3.086000,3.004005,0.061361,10330.628693,-2.832556,0.031989,99.394002,-0.564234,0.006658,0,0
2025-05-10,226000.000000,12.328290,-0.877193,60.392000,-0.980489,0.022475,3.194000,3.499676,0.055784,10219.957011,-1.071297,0.020488,98.430002,-0.969877,0.005376,0,0
2025-05-17,225000.000000,12.323856,-0.442478,63.942000,5.878262,0.022148,3.196000,0.062617,0.046637,10172.557437,-0.463794,0.018761,100.102000,1.698668,0.006812,0,0
2025-05-24,236000.000000,12.371587,4.888889,63.264000,-1.060336,0.019959,3.048000,-4.630788,0.042633,10293.811790,1.191975,0.019394,99.960001,-0.141855,0.006797,0,0
2025-05-31,244000.000000,12.404924,3.389831,61.817500,-2.286450,0.017898,3.030000,-0.590551,0.042082,10284.552479,-0.089950,0.015518,99.315001,-0.645258,0.006751,0,0
2025-06-07,246000.000000,12.413087,0.819672,64.060000,3.627614,0.015443,2.836000,-6.402640,0.043090,10693.288784,3.974274,0.016591,95.878000,-3.460706,0.009171,0,0
2025-06-14,243000.000000,12.400817,-1.219512,68.626000,7.127693,0.022047,2.840000,0.141044,0.066017,10678.738295,-0.136071,0.016241,95.542000,-0.350445,0.008012,0,0
2025-06-21,236000.000000,12.371587,-2.880658,74.940000,9.200595,0.023417,3.080000,8.450704,0.080647,10636.189112,-0.398448,0.015312,94.892500,-0.679806,0.007992,0,0
2025-06-28,231000.000000,12.350173,-2.118644,66.778000,-10.891380,0.034105,3.304000,7.272727,0.081827,10915.955455,2.630325,0.013557,94.573999,-0.335644,0.008031,0,0
2025-07-05,228000.000000,12.337101,-1.298701,67.432500,0.980113,0.034090,3.185000,-3.601695,0.080524,11174.116563,2.364989,0.012381,94.812500,0.252185,0.006227,0,0
2025-07-12,221000.000000,12.305918,-3.070175,69.146000,2.541060,0.033333,3.170000,-0.470958,0.066236,11985.636920,7.262501,0.030980,95.912001,1.159658,0.007190,0,0
2025-07-19,218000.000000,12.292250,-1.357466,68.074000,-1.550343,0.027647,3.392000,7.003155,0.045598,12178.982273,1.613142,0.031206,96.944000,1.075985,0.007120,0,0
2025-07-26,219000.000000,12.296827,0.458716,67.108000,-1.419044,0.016124,3.194000,-5.837264,0.033067,12629.386188,3.698207,0.030983,98.270000,1.367799,0.007129,0,0
2025-08-02,226000.000000,12.328290,3.196347,69.584000,3.689575,0.018768,3.034000,-5.009393,0.031014,11248.632574,-10.932864,0.065718,99.082001,0.826296,0.004784,0,0
2025-08-09,224000.000000,12.319401,-0.884956,65.750000,-5.509887,0.017011,2.994000,-1.318392,0.030886,9702.091568,-13.748702,0.057899,101.095999,2.032658,0.003533,0,0
2025-08-16,233000.000000,12.358794,4.017857,64.340000,-2.144487,0.016750,2.938000,-1.870407,0.035677,9857.517472,1.601983,0.057925,101.964000,0.858591,0.003956,0,0
2025-08-23,229000.000000,12.341477,-1.716738,64.144000,-0.304632,0.016448,2.854000,-2.859088,0.030403,9775.726006,-0.829737,0.057307,101.539999,-0.415834,0.003941,0,0
2025-08-30,236000.000000,12.371587,3.056769,64.518000,0.583063,0.013514,2.848000,-0.210231,0.030639,9838.557642,0.642731,0.008790,101.647998,0.106361,0.003873,0,0
2025-09-06,259000.000000,12.464583,9.745763,64.085000,-0.671131,0.015773,2.965000,4.108146,0.041200,9975.078643,1.387612,0.009357,103.697498,2.016272,0.004012,0,0
2025-09-13,233000.000000,12.358794,-10.038610,63.062000,-1.596317,0.016073,2.956000,-0.303541,0.042434,10018.013739,0.430424,0.007574,105.484001,1.722802,0.004529,0,0
2025-09-20,219000.000000,12.296827,-6.008584,63.978000,1.452539,0.015758,3.050000,3.179973,0.044158,10127.803636,1.095925,0.008621,105.342000,-0.134619,0.004481,0,0
2025-09-27,225000.000000,12.323856,2.739726,64.832000,1.334834,0.015470,2.904000,-4.786885,0.043796,10284.772557,1.549881,0.011500,105.500000,0.149988,0.004474,0,0
2025-10-04,233000.000000,12.358794,3.555556,62.592000,-3.455084,0.015581,3.160000,8.815427,0.037712,10772.875580,4.745881,0.013392,104.623999,-0.830333,0.004278,0,0
2025-10-11,222000.000000,12.310433,-4.721030,62.098000,-0.789238,0.017979,3.228000,2.151899,0.043177,11025.304460,2.343189,0.018145,104.718001,0.089847,0.003778,0,0
2025-10-18,231000.000000,12.350173,4.054054,58.797500,-5.314986,0.017058,2.798000,-13.320942,0.039610,10997.747131,-0.249946,0.021513,105.648000,0.888098,0.005014,0,0
2025-10-25,221000.000000,12.305918,-4.329004,60.202000,2.388707,0.020062,3.254000,16.297355,0.054208,11051.539534,0.489122,0.020955,105.508002,-0.132514,0.005027,0,0
2025-11-01,228000.000000,12.337101,3.167421,61.494000,2.146108,0.017740,3.426000,5.285802,0.052780,11313.227989,2.367891,0.020472,105.670001,0.153542,0.004103,0,0
2025-11-08,228000.000000,12.337101,0.000000,60.870000,-1.014733,0.017190,3.540000,3.327496,0.047793,10943.513205,-3.267987,0.017982,104.701999,-0.916062,0.005836,0,0
2025-11-15,222000.000000,12.310433,-2.631579,60.162500,-1.162313,0.015856,3.622500,2.330508,0.050044,11182.714483,2.185781,0.014550,103.939999,-0.727779,0.005332,0,0
2025-11-22,218000.000000,12.292250,-1.801802,60.274000,0.185331,0.012422,3.890000,7.384403,0.037208,10995.983142,-1.669821,0.013518,104.298000,0.344430,0.005434,0,0
2025-11-29,216000.000000,12.283034,-0.917431,58.687500,-2.632147,0.012472,4.286667,10.197087,0.041089,11161.715291,1.507206,0.012508,104.599998,0.289554,0.005469,0,0
2025-12-06,235000.000000,12.367341,8.796296,59.484000,1.357188,0.013139,4.970000,15.940902,0.044342,11623.417932,4.136485,0.013002,107.435999,2.711281,0.006638,0,0
2025-12-13,224000.000000,12.319401,-4.680851,58.296000,-1.997176,0.012937,4.598000,-7.484909,0.053385,11724.610119,0.870589,0.015578,106.326001,-1.033171,0.005455,0,0
2025-12-20,215000.000000,12.278393,-4.017857,56.300000,-3.423906,0.012700,3.718000,-19.138756,0.058311,11814.558614,0.767177,0.015318,106.578000,0.237006,0.005369,0,0
2025-12-27,203000.000000,12.220961,-5.581395,58.012500,3.041741,0.015194,3.453333,-7.118523,0.060129,12223.791001,3.463798,0.017472,106.955000,0.353732,0.005384,0,0
2026-01-03,207000.000000,12.240474,1.970443,57.537500,-0.818789,0.015584,4.250000,23.069498,0.082797,12394.373594,1.395497,0.022532,107.127499,0.161282,0.002791,0,0
2026-01-10,201000.000000,12.211060,-2.898551,57.556000,0.032153,0.018071,2.912000,-31.482353,0.113007,12939.355790,4.397013,0.025802,107.416000,0.269307,0.005047,0,0
2026-01-17,210000.000000,12.254863,4.477612,60.122000,4.458267,0.020166,3.002000,3.090659,0.114496,13095.663057,1.207999,0.025491,107.674001,0.240188,0.005078,0,0
2026-01-24,211000.000000,12.259613,0.476190,60.155000,0.054888,0.020880,12.025000,300.566289,0.330654,12762.544730,-2.543730,0.026175,106.445000,-1.141409,0.005211,0,0
2026-01-31,230000.000000,12.345835,9.004739,62.904000,4.569861,0.019888,13.794000,14.711019,0.390956,13129.614267,2.876147,0.024844,105.884000,-0.527033,0.005216,0,0
2026-02-07,230000.000000,12.345835,0.000000,63.090000,0.295689,0.023028,5.008000,-63.694360,0.421878,12942.221693,-1.427251,0.024955,101.626001,-4.021381,0.006749,0,0
2026-02-14,208000.000000,12.245293,-9.565217,63.932000,1.334601,0.020509,3.270000,-34.704473,0.427713,12942.662585,0.003407,0.025245,100.417999,-1.188674,0.006899,0,0
2026-02-21,211000.000000,12.259613,1.442308,65.302500,2.143684,0.022098,3.087500,-5.581040,0.399542,12669.675405,-2.109204,0.026477,99.605000,-0.809616,0.006949,0,0
2026-02-28,214000.000000,12.273731,1.421801,65.868000,0.865970,0.021144,3.014000,-2.380567,0.201293,13063.255074,3.106470,0.023240,99.115999,-0.490940,0.007012,0,0
2026-03-07,213000.000000,12.269047,-0.467290,78.368000,18.977349,0.035142,2.992000,-0.729927,0.084827,12801.346278,-2.004928,0.017228,100.448000,1.343881,0.004821,0,0
2026-03-14,205000.000000,12.230765,-3.755869,91.850000,17.203450,0.049988,3.190000,6.617647,0.040281,12826.038125,0.192885,0.016380,103.902000,3.438596,0.004977,0,0
2026-03-21,211000.000000,12.259613,2.926829,96.068000,4.592270,0.052119,3.108000,-2.570533,0.040087,12278.190341,-4.271372,0.015747,105.635999,1.668878,0.004259,0,0
2026-03-28,203000.000000,12.220961,-3.791469,94.292000,-1.848691,0.059371,2.952000,-5.019305,0.039159,12039.209193,-1.946387,0.015621,106.095999,0.435458,0.004021,0,0
2026-04-04,218000.000000,12.292250,7.389163,105.670000,12.066771,0.060760,2.902500,-1.676829,0.037385,12263.474439,1.862791,0.015066,106.914999,0.771942,0.004042,0,0
2026-04-11,208000.000000,12.245293,-4.587156,104.544000,-1.065582,0.059436,2.850000,-1.808786,0.036719,12568.979563,2.491179,0.017536,107.403999,0.457373,0.004740,0,0
2026-04-18,215000.000000,12.278393,3.365385,93.840000,-10.238751,0.066334,2.770000,-2.807018,0.035998,13354.926500,6.253069,0.013931,106.828000,-0.536292,0.005021,0,0
2026-04-25,190000.000000,12.154779,-11.627907,95.430000,1.694373,0.063031,2.702000,-2.454874,0.036131,13340.816903,-0.105651,0.013186,107.081999,0.237765,0.005015,0,0
2026-05-02,199000.000000,12.201060,4.736842,105.566000,10.621398,0.059359,2.658000,-1.628423,0.037982,13081.774432,-1.941729,0.013425,107.288000,0.192377,0.004632,0,0
2026-05-09,212000.000000,12.264342,6.532663,102.284000,-3.108956,0.047441,2.740000,3.085026,0.032425,13338.391892,1.961641,0.014642,109.898000,2.432704,0.005167,0,0
2026-05-16,210000.000000,12.254863,-0.943396,105.102000,2.755074,0.034464,2.858000,4.306569,0.032534,14265.214244,6.948531,0.019869,111.139999,1.130139,0.005015,0,0
2026-05-23,212000.000000,12.264342,0.952381,105.316000,0.203612,0.039340,3.108000,8.747376,0.037303,13812.605659,-3.172813,0.020071,110.084000,-0.950153,0.005282,0,0
2026-05-30,225000.000000,12.323856,6.132075,93.447500,-11.269418,0.036970,3.152500,1.431789,0.040798,14011.186683,1.437680,0.019814,109.097500,-0.896134,0.005472,0,0
2026-06-06,230000.000000,12.345835,2.222222,96.868000,3.660344,0.035385,3.028000,-3.949247,0.045003,14298.724563,2.052202,0.021361,103.565999,-5.070236,0.008778,0,0
2026-06-13,227000.000000,12.332705,-1.304348,92.156000,-4.864351,0.034838,3.154000,4.161162,0.045666,13920.191097,-2.647323,0.020248,101.468001,-2.025759,0.008873,0,0
2026-06-20,216000.000000,12.283034,-4.845815,81.362500,-11.712205,0.028453,3.122500,-0.998732,0.044468,14234.955689,2.261209,0.016226,101.505001,0.036465,0.009022,0,0
2026-06-27,217000.000000,12.287653,0.462963,73.590000,-9.552927,0.029975,3.194000,2.289832,0.038746,13515.422767,-5.054690,0.019579,100.506000,-0.984189,0.009043,0,0
2026-07-04,217000.000000,12.287653,0.000000,70.475000,-4.232912,0.024871,3.337500,4.492799,0.024580,13518.729773,0.024468,0.017634,99.267500,-1.232265,0.005862,0,0
2026-07-11,209000.000000,12.250090,-3.686636,72.258000,2.529975,0.027810,3.090000,-7.415730,0.041443,13603.607903,0.627856,0.017046,98.494000,-0.779207,0.004862,0,0
2026-07-18,189000.000000,12.149502,-9.569378,80.766000,11.774475,0.032966,2.794000,-9.579288,0.040603,13832.887955,1.685436,0.016312,98.759998,0.270064,0.005073,0,0
2026-07-25,198000.000000,12.196022,4.761905,88.580000,9.674863,0.029858,2.864000,2.505369,0.040415,14059.302733,1.636786,0.014382,98.523999,-0.238962,0.005066,0,0
2026-08-01,200000.000000,12.206073,1.010101,84.510000,-4.594717,0.038619,2.620000,-8.519553,0.044349,14027.997085,-0.222669,0.014738,98.234000,-0.294344,0.002975,0,0
2026-08-08,212000.000000,12.264342,6.000000,78.944000,-6.586203,0.042281,2.662000,1.603053,0.036611,14591.497903,4.016973,0.014190,94.200000,-4.106521,0.011054,0,0
2026-08-15,207000.000000,12.240474,-2.358491,84.052000,6.470409,0.038295,2.788000,4.733283,0.037801,14548.508091,-0.294622,0.013370,94.988000,0.836519,0.011059,0,0
2026-08-22,204000.000000,12.225875,-1.449275,87.352000,3.926141,0.036540,2.858000,2.510760,0.038590,14380.075136,-1.157734,0.011051,95.153999,0.174758,0.011119,0,0
2026-08-29,207000.000000,12.240474,1.470588,84.616000,-3.132155,0.026863,2.810000,-1.679496,0.035180,14573.419858,1.344532,0.010715,95.567999,0.435084,0.011195,0,0
2026-09-05,207000.000000,12.240474,0.000000,91.180000,7.757398,0.022006,2.910000,3.558719,0.027385,14451.284142,-0.838072,0.009374,98.418001,2.982171,0.009241,0,0
2026-09-12,198000.000000,12.196022,-4.347826,99.077500,8.661439,0.023851,2.795000,-3.951890,0.025441,14594.033295,0.987796,0.015802,99.022499,0.614215,0.009837,0,0
2026-09-19,198000.000000,12.196022,0.000000,103.542000,4.506068,0.026973,2.938000,5.116279,0.029205,14255.734330,-2.318064,0.017112,97.472002,-1.565803,0.009899,0,0
2026-09-26,197000.000000,12.190959,-0.505051,93.574000,-9.627011,0.039859,3.020000,2.791014,0.030314,14787.709159,3.731655,0.016362,97.253999,-0.223656,0.009953,0,0
